key;bg;cz;de;default;dk;en;es;fi;fr;gr;hr;hu;ir;it;nl;no;pl;pt;ro;rs;se;sk;sl;tr
add;Добави;Přidat;Hinzufügen;Add;Tilføj;Add;Añadir;Lisää;Ajouter;Προσθήκη;Dodaj;Hozzáadás;Cuir;Aggiungi;Toevoegen;Legg til;Dodaj;Adicionar;Adăugare;Додај;Lägg till;Pridať;Dodaj;Ekle
add_hint;Добави...;Přidat...;Hinzufügen...;Add...;Tilføj...;Add...;Añadir...;Lisää...;Ajouter...;Προσθήκη...;Dodaj...;Hozzáadás...;Cuir...;Aggiungi...;Toevoegen...;Legg til...;Dodaj...;Adicionar...;Adăugare...;Додај...;Lägg till...;Pridať...;Dodaj...;Ekle...
busy_hint;В процес на обработка...;ZABRÁNO...;BESCHÄFTIGT...;BUSY...;BEARBEJDER...;BUSY...;OCUPADO...;KÄYTTÖKÄYNNISSÄ...;En cours...;Επεξεργασία...;ZANIMLJENO...;FELDOLGOZÁS...;GLAOFTHA...;OCCUPATO...;BEZIG...;OPPTATT...;TRWA...;A OCUPAR...;SE PROCESEAZĂ...;Заузето...;BEHANDLAR...;PRACUJE...;ZAPOSLENO...;MEŞGUL...
cancel;Отказ;Zrušit;Abbrechen;Cancel;Annuller;Cancel;Cancelar;Peruuta;Annuler;Ακύρωση;Otkaži;Mégse;Sceit;Annulla;Annuleren;Avbryt;Anuluj;Cancelar;Anulare;Откажи;Avbryt;Zrušiť;Prekini;İptal
choose_directory;Избор на папка;Vybrat adresář;Verzeichnis auswählen;Select directory;Vælg mappe;Select directory;Seleccionar directorio;Valitse kansio;Sélectionner un répertoire;Επιλογή καταλόγου;Odaberi direktorij;Könyvtár kiválasztása;Roghnaigh eolaire;Scegli directory;Map selecteren;Velg katalog;Wybierz katalog;Selecionar diretório;Selectare director;Изабери директоријум;Välj katalog;Vybrať adresár;Izberi mapo;Dizini Seç
choose_file;Избор на файл;Vybrat soubor;Datei auswählen;Select file;Vælg fil;Select file;Seleccionar archivo;Valitse tiedosto;Sélectionner un fichier;Επιλογή αρχείου;Odaberi datoteku;Fájl kiválasztása;Roghnaigh comhad;Scegli file;Bestand selecteren;Velg fil;Wybierz plik;Selecionar ficheiro;Selectare fișier;Изабери фајл;Välj fil;Vybrať súbor;Izberi datoteko;Dosyayı Seç
close;Затвори;Zavřít;Schließen;Close;Luk;Close;Cerrar;Sulje;Fermer;Κλείσιμο;Zatvori;Bezárás;Dún;Chiudi;Sluiten;Lukk;Zamknij;Fechar;Închidere;Затвори;Stäng;Zatvoriť;Zapri;Kapat
conversion_dds_to_png;DDS > PNG;DDS > PNG;DDS > PNG;DDS > PNG;DDS > PNG;DDS > PNG;DDS > PNG;DDS > PNG;DDS > PNG;DDS > PNG;DDS > PNG;DDS > PNG;DDS > PNG;DDS > PNG;DDS > PNG;DDS > PNG;DDS > PNG;DDS > PNG;DDS > PNG;DDS > PNG;DDS > PNG;DDS > PNG;DDS > PNG;DDS > PNG
conversion_ktx2_to_png;KTX2 > DDS;KTX2 > DDS;KTX2 > DDS;KTX2 > DDS;KTX2 > DDS;KTX2 > DDS;KTX2 > DDS;KTX2 > DDS;KTX2 > DDS;KTX2 > DDS;KTX2 > DDS;KTX2 > DDS;KTX2 > DDS;KTX2 > DDS;KTX2 > DDS;KTX2 > DDS;KTX2 > DDS;KTX2 > DDS;KTX2 > DDS;KTX2 > DDS;KTX2 > DDS;KTX2 > DDS;KTX2 > DDS;KTX2 > DDS
conversion_png_to_dds;PNG > DDS;PNG > DDS;PNG > DDS;PNG > DDS;PNG > DDS;PNG > DDS;PNG > DDS;PNG > DDS;PNG > DDS;PNG > DDS;PNG > DDS;PNG > DDS;PNG > DDS;PNG > DDS;PNG > DDS;PNG > DDS;PNG > DDS;PNG > DDS;PNG > DDS;PNG > DDS;PNG > DDS;PNG > DDS;PNG > DDS;PNG > DDS
conversion_png_to_ktx2;PNG > KTX2;PNG > KTX2;PNG > KTX2;PNG > KTX2;PNG > KTX2;PNG > KTX2;PNG > KTX2;PNG > KTX2;PNG > KTX2;PNG > KTX2;PNG > KTX2;PNG > KTX2;PNG > KTX2;PNG > KTX2;PNG > KTX2;PNG > KTX2;PNG > KTX2;PNG > KTX2;PNG > KTX2;PNG > KTX2;PNG > KTX2;PNG > KTX2;PNG > KTX2;PNG > KTX2
delete;Изтрий;Odstranit;Löschen;Delete;Slet;Delete;Eliminar;Poista;Supprimer;Διαγραφή;Izbriši;Törlés;Scrios;Elimina;Verwijderen;Slett;Usuń;Apagar;Ștergere;Избриши;Ta bort;Odstrániť;Izbriši;Sil
edit;Редактирай;Upravit;Bearbeiten;Edit;Rediger;Edit;Editar;Muokkaa;Modifier;Επεξεργασία;Uredi;Szerkesztés;Cuir in eagar;Modifica;Bewerken;Rediger;Edytuj;Editar;Editare;Уреди;Redigera;Upraviť;Uredi;Düzenle
edit_hint;Редактирай...;Upravit...;Bearbeiten...;Edit...;Rediger...;Edit...;Editar...;Muokkaa...;Modifier...;Επεξεργασία...;Uredi...;Szerkesztés...;Cuir in eagar...;Modifica...;Bewerken...;Rediger...;Edytuj...;Editar...;Editare...;Уреди...;Redigera...;Upraviť...;Uredi...;Düzenle...
error_global_configuration_invalid;Трябва да бъде зададен поне типът на симулатора.;Je nutné zadat alespoň typ simulátoru.;Es muss mindestens der Sim Typ gesetzt sein.;At least the sim type must be specified.;Sim-typen skal som minimum være angivet.;At least the sim type must be specified.;Se debe especificar al menos el tipo de simulación.;Ainakin sim-tyyppi on määritettävä.;Le type de simulation doit au moins être défini.;Πρέπει να έχει οριστεί τουλάχιστον ο τύπος προσομοιωτή.;Najmanje tip sima mora biti postavljen.;Legalább a szimulátor típusát meg kell adni.;Ní mór an cineál sim ar a laghad a shocrú.;È necessario impostare almeno il tipo di simulazione.;Er moet ten minste het simulatietype zijn ingesteld.;Du må minst angi simuleringstypen.;Należy ustawić przynajmniej typ symulatora.;É necessário definir, pelo menos, o tipo de simulador.;Trebuie setat cel puțin tipul de simulator.;Мора бити подешен тип симулатора.;Åtminstone simulatortypen måste anges.;Musí byť nastavený aspoň typ simulátora.;Nastaviti je treba vsaj tip simulacije.;En azından sim türü ayarlanmalıdır.
error_local_disk_full;Твърдият диск е пълен.;Pevný disk je plný.;Die Festplatte ist voll.;The hard drive is full.;Harddisken er fuld.;The hard drive is full.;El disco está lleno;Kiintolevy on täynnä.;Le disque est plein;Ο σκληρός δίσκος είναι γεμάτος.;Čvrsti disk je pun.;A merevlemez megtelt.;Tá an tiomáint chrua lán.;Il disco è pieno;De harde schijf is vol.;Harddisken er full.;Dysk jest pełny.;O disco rígido está cheio.;Hard disk-ul este plin.;Чврсти диск је пун.;Hårddisken är full.;Pevný disk je plný.;Trdi disk je poln.;Disk dolu
error_local_file_not_found;Файлът не беше намерен.;Soubor nebyl nalezen.;Datei nicht gefunden.;File not found.;Filen blev ikke fundet.;File not found.;Archivo no encontrado;Tiedostoa ei löydy.;Fichier introuvable;Δεν βρέθηκε το αρχείο.;Datoteka nije pronađena.;Fájl nem található.;Comhad nár aimsíodh.;File non trovato;Bestand niet gevonden.;Fil ikke funnet.;Nie znaleziono pliku.;Ficheiro não encontrado.;Fișierul nu a fost găsit.;Датотека није пронађена.;Filen hittades inte.;Súbor nebol nájdený.;Datoteke ni bilo mogoče najti.;Dosya bulunamadı
error_local_serialization;Резултатът не може да бъде анализиран.;Výsledek nebylo možné analyzovat.;Ergebnis konnte nicht analysiert werden.;Result could not be analyzed.;Resultatet kunne ikke analyseres.;Result could not be analyzed.;No se pudo analizar el resultado;Tulosta ei voitu analysoida.;Impossible d'analyser le résultat;Δεν ήταν δυνατή η ανάλυση του αποτελέσματος.;Rezultat nije mogao biti analiziran.;Az eredményt nem lehetett elemezni.;Níorbh fhéidir an toradh a anailísiú.;Impossibile analizzare il risultato;Resultaat kon niet worden geanalyseerd.;Resultatet kunne ikke analyseres.;Nie można było przeanalizować wyniku.;Não foi possível analisar o resultado.;Rezultatul nu a putut fi analizat.;Резултат није могао да се анализира.;Resultatet kunde inte analyseras.;Výsledok sa nepodarilo analyzovať.;Rezultat ni bilo mogoče analizirati.;Sonuç çözümlenemedi
error_local_unknown;Възникна неизвестна грешка при локална операция.;Při lokální operaci došlo k neznámé chybě.;Bei einem lokalen Vorgang ist ein unbekannter Fehler aufgetreten.;An unknown error occurred during a local operation.;Der opstod en ukendt fejl under en lokal operation.;An unknown error occurred during a local operation.;Se ha producido un error desconocido en una operación local;Paikallisessa prosessissa on tapahtunut tuntematon virhe.;Une erreur inconnue s'est produite lors d'une opération locale;Παρουσιάστηκε άγνωστο σφάλμα κατά τη διάρκεια μιας τοπικής διαδικασίας.;Došlo je do nepoznate pogreške tijekom lokalne operacije.;Helyi művelet közben ismeretlen hiba történt.;Tharla earráid anaithnid le linn oibríocht áitiúil.;Si è verificato un errore sconosciuto durante un'operazione locale;Er is een onbekende fout opgetreden tijdens een lokale bewerking.;Det oppstod en ukjent feil under en lokal prosess.;Wystąpił nieznany błąd podczas operacji lokalnej.;Ocorreu um erro desconhecido durante uma operação local.;A apărut o eroare necunoscută în timpul unei operațiuni locale.;Дошло је до непознате грешке током локалне операције.;Ett okänt fel har uppstått vid en lokal operation.;Pri lokálnej operácii došlo k neznámej chybe.;Pri lokalnem postopku je prišlo do neznane napake.;Yerel işlemde bilinmeyen bir hata oluştu
error_no_configuration;Не е зададена конфигурация.;Není zadána žádná konfigurace.;Keine Konfiguration angegeben.;No configuration specified.;Ingen konfiguration angivet.;No configuration specified.;No se ha proporcionado ninguna configuración;Määrityksiä ei ole annettu.;Aucune configuration fournie;Δεν έχει καθοριστεί καμία διαμόρφωση.;Nije navedena konfiguracija.;Nincs megadva konfiguráció.;Níl aon chumraíocht sonraithe.;Nessuna configurazione specificata;Geen configuratie opgegeven.;Ingen konfigurasjon angitt.;Nie podano konfiguracji.;Não foi especificada nenhuma configuração.;Nu a fost specificată nicio configurație.;Није наведена конфигурација.;Ingen konfiguration angiven.;Nebola zadaná žiadna konfigurácia.;Konfiguracija ni bila navedena.;Yapılandırma belirtilmedi
error_project_configuration_invalid;Трябва да бъдат зададени поне името на самолета и името на боята.;Musí být nastaven alespoň název letadla a název lakování.;Es muss mindestens der Flugzeugname und der Lackierungsname gesetzt sein.;At least the aircraft name and the livery name must be set.;Der skal mindst angives flynavn og lakering.;At least the aircraft name and the livery name must be set.;Al menos se debe establecer el nombre del avión y el nombre del livey.;Ainakin lentokoneen nimi ja maalausnimi on määritettävä.;Au moins le nom de l'avion et le nom de la livrée doivent être définis.;Πρέπει να έχει οριστεί τουλάχιστον το όνομα του αεροσκάφους και το όνομα της βαφής.;Moraju biti postavljeni naziv zrakoplova i naziv liveryja.;Legalább a repülőgép nevét és a festés nevét meg kell adni.;Ní mór ainm an aerárthaigh agus ainm an chulaithigh a shocrú ar a laghad.;È necessario impostare almeno il nome dell'aereo e il nome del livey.;Er moet ten minste de vliegtuignaam en de naam van de kleurstelling zijn ingesteld.;Minst flynavnet og lakknavnet må være angitt.;Należy ustawić co najmniej nazwę samolotu i nazwę malowania.;É necessário definir, no mínimo, o nome da aeronave e o nome da pintura.;Trebuie setate cel puțin numele avionului și numele vopselei.;Морају бити подешени најмање назив авиона и назив ливерија.;Åtminstone flygplansnamnet och lackeringsnamnet måste anges.;Musí byť nastavený aspoň názov lietadla a názov lakovania.;Nastavljen mora biti vsaj ime letala in ime barve.;En azından uçak adı ve canlı adı ayarlanmalıdır.
error_remote_no_internet;Интернет връзката е прекъсната.;Přerušení internetového připojení.;Internetverbindung unterbrochen.;Internet connection interrupted.;Internetforbindelsen blev afbrudt.;Internet connection interrupted.;Se ha perdido la conexión a Internet;Internet-yhteys katkennut.;Connexion Internet perdue;Διακοπή σύνδεσης στο Διαδίκτυο.;Prekinuta je internetska veza.;Megszakadt az internetkapcsolat.;Cuireadh isteach ar an nasc idirlín.;Connessione Internet persa;Internetverbinding verbroken.;Internettforbindelsen ble brutt.;Przerwane połączenie internetowe.;Ligação à Internet interrompida.;Conexiunea la internet a fost întreruptă.;Прекинута је интернет веза.;Internetanslutningen har avbrutits.;Prerušené internetové pripojenie.;Prekinjena internetna povezava.;İnternet bağlantısı kesildi
error_remote_request_timeout;Заявката е изтекла.;Požadavek vypršel.;Die Anfrage ist abgelaufen.;The request has timed out.;Forespørgslen er udløbet.;The request has timed out.;La solicitud ha expirado;Pyyntö on vanhentunut.;Délai d'attente de la requête expiré;Η αίτηση έχει λήξει.;Zahtjev je istekao.;A kérés lejárt.;Tá an t-iarratas imithe in éag.;Timeout della richiesta;Het verzoek is verlopen.;Forespørselen har utløpt.;Żądanie wygasło.;O pedido expirou.;Solicitarea a expirat.;Захтев је истекао.;Förfrågan har gått ut.;Žiadosť vypršala.;Zahteva je potekla.;İstek zaman aşımına uğradı
error_remote_serialization;Резултатът не може да бъде анализиран.;Výsledek nebylo možné analyzovat.;Ergebnis konnte nicht analysiert werden.;Result could not be analyzed.;Resultatet kunne ikke analyseres.;Result could not be analyzed.;No se pudo analizar el resultado;Tulosta ei voitu analysoida.;Impossible d'analyser le résultat;Δεν ήταν δυνατή η ανάλυση του αποτελέσματος.;Rezultat nije mogao biti analiziran.;Az eredményt nem lehetett elemezni.;Níorbh fhéidir an toradh a anailísiú.;Impossibile analizzare il risultato;Resultaat kon niet worden geanalyseerd.;Resultatet kunne ikke analyseres.;Nie można było przeanalizować wyniku.;Não foi possível analisar o resultado.;Rezultatul nu a putut fi analizat.;Резултат није могао да се анализира.;Resultatet kunde inte analyseras.;Výsledok sa nepodarilo analyzovať.;Rezultat ni bilo mogoče analizirati.;Sonuç çözümlenemedi
error_remote_unknown;Възникна неизвестна грешка при отдалечена операция.;Při vzdálené operaci došlo k neznámé chybě.;Bei einem Remote-Vorgang ist ein unbekannter Fehler aufgetreten.;An unknown error occurred during a remote operation.;Der opstod en ukendt fejl under en fjernoperation.;An unknown error occurred during a remote operation.;Se ha producido un error desconocido en una operación remota;Etäprosessissa on tapahtunut tuntematon virhe.;Une erreur inconnue s'est produite lors d'une opération à distance;Παρουσιάστηκε άγνωστο σφάλμα κατά τη διάρκεια μιας απομακρυσμένης διαδικασίας.;Došlo je do nepoznate pogreške tijekom udaljene operacije.;Távoli művelet közben ismeretlen hiba történt.;Tharla earráid anaithnid le linn oibríocht chian.;Si è verificato un errore sconosciuto in un'operazione remota;Er is een onbekende fout opgetreden tijdens een bewerking op afstand.;Det oppstod en ukjent feil under en ekstern prosess.;Wystąpił nieznany błąd podczas operacji zdalnej.;Ocorreu um erro desconhecido durante uma operação remota.;A apărut o eroare necunoscută în timpul unei operațiuni la distanță.;Дошло је до непознате грешке током удаљене операције.;Ett okänt fel har uppstått vid en fjärroperation.;Pri vzdialenej operácii došlo k neznámej chybe.;Pri oddaljenem postopku je prišlo do neznane napake.;Uzak işlemde bilinmeyen bir hata oluştu
error_unknown_field;Полето в конфигурацията е неизвестно.;Pole v konfiguraci není známo.;Feld in der Konfiguration unbekannt.;Field unknown in configuration.;Felt i konfigurationen ukendt.;Field unknown in configuration.;Campo desconocido en la configuración;Kenttä konfiguraatiossa tuntematon.;Champ inconnu dans la configuration;Άγνωστο πεδίο στη διαμόρφωση.;Polje nepoznato u konfiguraciji.;A mező a konfigurációban ismeretlen.;Réimse anaithnid sa chumraíocht.;Campo sconosciuto nella configurazione;Veld in de configuratie onbekend.;Feltet er ukjent i konfigurasjonen.;Nieznane pole w konfiguracji.;Campo desconhecido na configuração.;Câmp necunoscut în configurație.;Поље непознато у конфигурацији.;Okänt fält i konfigurationen.;Pole v konfigurácii je neznáme.;Polje v konfiguraciji ni znano.;Yapılandırmada bilinmeyen alan
false;Неправилно.;Chybné.;Falsch.;Invalid.;Forkert.;Invalid.;Falso;Väärä.;Faux;Λάθος.;Netočno.;Helytelen.;Mícheart.;Falso;Onjuist.;Feil.;Błędne.;Incorreto.;Greșit.;Нетачно.;Fel.;Nesprávne.;Napačno.;Yanlış
field_unset;Полето не е зададено.;Pole není zadáno.;Feld ist nicht festgelegt.;Field is not defined.;Feltet er ikke angivet.;Field is not defined.;El campo no está establecido.;Kenttää ei ole määritetty.;Le champ n'est pas défini.;Το πεδίο δεν έχει οριστεί.;Polje nije definirano.;A mező nincs megadva.;Níl an réimse sainithe.;Il campo non è impostato.;Veld is niet ingesteld.;Feltet er ikke angitt.;Pole nie jest zdefiniowane.;Campo não definido.;Câmpul nu este definit.;Поље није дефинисано.;Fältet är inte angivet.;Pole nie je nastavené.;Polje ni določeno.;Alan ayarlanmadı.
import_imagetool;Импортиране на настройки от инструмента за изображения;Importovat nastavení z nástroje pro obrázky;Einstellungen aus Bild-Tool importieren;Import settings from image tool;Importer indstillinger fra billedværktøj;Import settings from image tool;Importar ajustes desde la herramienta de imagen;Tuo asetukset kuvatyökalusta;Importer les paramètres depuis l'outil d'image;Εισαγωγή ρυθμίσεων από το εργαλείο εικόνων;Uvoz postavki iz alata za slike;Beállítások importálása a képeszközből;Iompórtáil socruithe ón uirlis íomhá;Importa impostazioni dallo strumento immagine;Instellingen importeren uit afbeeldingstool;Importer innstillinger fra bildeverktøyet;Importuj ustawienia z narzędzia obrazowego;Importar definições da ferramenta de imagem;Importați setările din Instrumentul de imagine;Увоз подешавања из алата за слике;Importera inställningar från bildverktyget;Importovať nastavenia z nástroja na obrázky;Uvozi nastavitve iz orodja za slike;Görüntü Aracından Ayarları İçe Aktar
info_text;Foo bar baz;Foo bar baz;Foo bar baz;Foo bar baz;Foo bar baz;Foo bar baz;Foo bar baz;Foo bar baz;Foo bar baz;Foo bar baz;Foo bar baz;Foo bar baz;Foo bar baz;Foo bar baz;Foo bar baz;Foo bar baz;Foo bar baz;Foo bar baz;Foo bar baz;Фу бар баз;Foo bar baz;Foo bar baz;Foo bar baz;Foo bar baz
label_airplaneName;Име на самолета;Název letadla;Flugzeugname;Aircraft name;Flynavn;Aircraft name;Nombre del avión;Lentokoneen nimi;Nom de l'avion;Όνομα αεροσκάφους;Ime zrakoplova;Repülőgép neve;Ainm an aerárthaigh;Nome dell'aereo;Vliegtuignaam;Flynavn;Nazwa samolotu;Nome da aeronave;Numele aeronavei;Име ваздухоплова;Flygplansnamn;Názov lietadla;Ime letala;Uçak adı
label_airplanes;Самолети;Letadla;Flugzeuge;Aircrafts;Fly;Aircrafts;Aviones;Lentokoneet;Avions;Αεροσκάφη;Zrakoplov;Repülőgépek;Aerárthach;Aerei;Vliegtuigen;Fly;Samoloty;Aeronaves;Aeronave;Ваздухоплов;Flygplan;Lietadlá;Letala;Uçaklar
label_configuration;Конфигурация;Konfigurace;Konfiguration;Configuration;Konfiguration;Configuration;Configuración;Konfiguraatio;Configuration;Διαμόρφωση;Konfiguracija;Konfiguráció;Cumraíocht;Configurazione;Configuratie;Konfigurasjon;Konfiguracja;Configuração;Configurație;Конфигурација;Konfiguration;Konfigurácia;Konfiguracija;Yapılandırma
label_dryrun;Сух ход;Suchý běh;Trockenlauf;Dry run;Tørkørsel;Dry run;Simulación;Kuivakäynti;Simulation;Δοκιμαστική εκτέλεση;Suho pokretanje;Száraz futás;Rith thirim;Prova generale;Droogloop;Tørrkjøring;Próba na sucho;Simulação a seco;Rulare în gol;Проба;Torrkörning;Suchý beh;Suho delovanje;Deneme Çalıştırması
label_flagHQAlbd;Flag HQ Albedo;Příznak HQ Albedo;Flag HQ Albedo;Flag HQ Albedo;Flag HQ Albedo;Flag HQ Albedo;Marcar albedo HQ;Flag HQ Albedo;Activer l'albédo HQ;Σημαία HQ Albedo;Zastava HQ Albedo;Flag HQ Albedo;Bratach HQ Albedo;Contrassegna albedo HQ;Vlag HQ Albedo;Flag HQ Albedo;Flag HQ Albedo;Sinalizador HQ Albedo;Flag HQ Albedo;Застава HQ Албедо;Flagga HQ Albedo;Flag HQ Albedo;Zastavica HQ Albedo;HQ albedo bayrağı
label_flagHQDecal;Flag HQ Decal;Příznak HQ Decal;Flag HQ Decal;Flag HQ Decal;Flag HQ Decal;Flag HQ Decal;Marcar calcomanía HQ;Flag HQ Decal;Activer le décalque HQ;Σημαία HQ Decal;Zastava HQ Naljepnica;Flag HQ Decal;Bratach HQ Dearthán;Contrassegna decalcomania HQ;Vlag HQ Decal;Flag HQ Decal;Flag HQ Decal;Sinalizador HQ Decal;Flag HQ Decal;Застава HQ Декал;Flagga HQ Decal;Flag HQ Decal;Zastavica HQ Decal;HQ çıkartma bayrağı
label_flagNoAlphaAlbd;Flag force no alpha albedo;Příznak force no alpha albedo;Flag force no alpha albedo;Flag force no alpha albedo;Flag force no alpha albedo;Flag force no alpha albedo;Marcar albedo sin alfa;Flag force no alpha albedo;Activer l'albédo sans alpha;Σημαία force no alpha albedo;Zastava force no alpha albedo;Flag force no alpha albedo;Bratach fórsa gan alfa albedo;Contrassegna forza albedo senza alfa;Vlag force no alpha albedo;Flag force no alpha albedo;Flag force no alpha albedo;Sinalizador force no alpha albedo;Flag force no alpha albedo;Застава force no alpha albedo;Flagga force no alpha albedo;Flag force no alpha albedo;Zastavica force no alpha albedo;Alfa albedo yok bayrağı
label_flagNoAlphaDecal;Flag force no alpha decal;Příznak force no alpha decal;Flag force no alpha decal;Flag force no alpha decal;Flag force no alpha decal;Flag force no alpha decal;Marcar calcomanía sin alfa;Flag force no alpha decal;Forcer le drapeau sans décalque alpha;Σημαία force no alpha decal;Zastava force no alpha naljepnica;Flag force no alpha decal;Bratach fórsa gan alfa dearthán;Contrassegna forza decalcomania senza alfa;Vlag force no alpha decal;Flag force no alpha decal;Flag force no alpha decal;Sinalizador force no alpha decal;Flag force no alpha decal;Застава force no alpha decal;Flagga force no alpha decal;Flag force no alpha decal;Zastavica force no alpha decal;Alfa çıkartma yok bayrağı
label_imageToMSFSKTX2Path;ImageToMSFSKTX2-директория;Adresář ImageToMSFSKTX2;ImageToMSFSKTX2-Verzeichnis;ImageToMSFSKTX2 directory;ImageToMSFSKTX2-mappe;ImageToMSFSKTX2 directory;Directorio ImageToMSFSKTX2;ImageToMSFSKTX2-hakemisto;Répertoire ImageToMSFSKTX2;Κατάλογος ImageToMSFSKTX2;Directory ImageToMSFSKTX2;ImageToMSFSKTX2 könyvtár;Eolaire ImageToMSFSKTX2;Directory ImageToMSFSKTX2;ImageToMSFSKTX2-map;ImageToMSFSKTX2-katalog;Katalog ImageToMSFSKTX2;Diretório ImageToMSFSKTX2;Director ImageToMSFSKTX2;Директоријум ImageToMSFSKTX2;ImageToMSFSKTX2-katalog;Adresár ImageToMSFSKTX2;Imenik ImageToMSFSKTX2;ImageToMSFSKTX2 dizini
label_language;Език;Jazyk;Sprache;Language;Sprog;Language;Idioma;Kieli;Langue;Γλώσσα;Jezik;Nyelv;Teanga;Lingua;Taal;Språk;Język;Idioma;Limba;Језик;Språk;Jazyk;Jezik;Dil
label_layoutGeneratorToolPath;Изпълним инструмент за генериране на оформление;Spustitelný nástroj pro generování rozvržení;Layoutgenerator-Tool ausführbar;Layout Generator Tool executable;Layoutgenerator-værktøj kan køres;Layout Generator Tool executable;Ejecutable de la herramienta Layoutgenerator;Layoutgenerator-työkalu suoritettavissa;Exécutable de l'outil Layoutgenerator;Εκτελέσιμο εργαλείο δημιουργίας διάταξης;Izvršna datoteka generatora rasporeda;Elindítható elrendezés-generátor eszköz;Infheidhmithe gineadóra leagan amach;Eseguibile dello strumento Layoutgenerator;Layoutgenerator-tool uitvoerbaar;Layoutgenerator-verktøy kjørbart;Narzędzie do generowania układu gotowe do uruchomienia;Ferramenta geradora de layout executável;Instrument de generare a layout-ului executabil;Извршна датотека генератора распореда;Layoutgenerator-verktyg körbart;Spustiteľný nástroj na generovanie rozloženia;Izvedljivo orodje za ustvarjanje postavitve;Layoutgenerator aracı yürütülebilir dosyası
label_liveryName;Име на боята;Název lakování;Name der Lackierung;Skin name;Navn på bemaling;Skin name;Nombre de la librea;Maalauksen nimi;Nom de la livrée;Όνομα βαφής;Naziv liveryja;Festés neve;Ainm an chulaith;Nome livrea;Naam van de livery;Navn på lakkering;Nazwa schematu malowania;Nome da pintura;Numele schemei de vopsire;Име ливерија;Namn på lackeringen;Názov lakovania;Ime barve;Livery adı
label_locale;Език;Jazyk;Sprache;Language;Sprog;Language;Idioma;Kieli;Langue;Γλώσσα;Jezik;Nyelv;Teanga;Lingua;Taal;Språk;Język;Idioma;Limba;Језик;Språk;Jazyk;Jezik;Dil
label_mainLibraryRootFolder;Коренна папка на библиотеката;Kořenová složka knihovny;Root Ordner der Bibliothek;Library root folder;Bibliotekets rodmappe;Library root folder;Directorio raíz de la biblioteca principal;Kirjaston juurikansio;Répertoire racine de la bibliothèque principale;Ριζικός φάκελος της βιβλιοθήκης;Korisnički direktorij biblioteke;A könyvtár gyökérkönyvtára;Fólder fréimhe na leabharlainne;Directory principale della libreria;Hoofdmap van de bibliotheek;Rotmappe for biblioteket;Katalog główny biblioteki;Pasta raiz da biblioteca;Directorul rădăcină al bibliotecii;Коренски фолдер библиотеке;Rotmapp för biblioteket;Koreňový priečinok knižnice;Korenjska mapa knjižnice;Ana kütüphane kök dizini
label_modelTexturesDir;Коренна папка на текстурите на модела;Kořenová složka textur modelu;Root Ordner der Modelltexturen;Model textures root folder;Modelteksturernes rodmappe;Model textures root folder;Directorio de texturas del modelo;Mallitekstuurien juurikansio;Répertoire des textures du modèle;Ριζικός φάκελος των υφών μοντέλου;Korisnički direktorij tekstura modela;A modelltextúrák gyökérkönyvtára;Fólder fréimhe uigeachtaí an mhúnla;Directory delle texture del modello;Hoofdmap van de modeltexturen;Rotmappe for modellteksturer;Katalog główny tekstur modelu;Pasta raiz das texturas do modelo;Directorul rădăcină al texturilor modelului;Коренски фолдер текстура модела;Rotmapp för modelltexturer;Koreňový priečinok textúr modelu;Korenjska mapa tekstur modela;Model doku dizini
label_nvidiaTextureToolPath;Изпълним инструмент за текстури на NVIDIA;Spustitelný nástroj pro textury NVIDIA;NVIDIA Textur-Tool ausführbar;NVIDIA Texture Tool executable;NVIDIA-teksturværktøj kan køres;NVIDIA Texture Tool executable;Ejecutable de NVIDIA TextureTool;NVIDIA-tekstuurityökalu suoritettavissa;Exécutable de l'outil de texture NVIDIA;Εκτελέσιμο εργαλείο υφών NVIDIA;Izvršna datoteka NVIDIA alata za teksture;Elindítható NVIDIA textúra-eszköz;Infheidhmithe uirlise uigeachta NVIDIA;Eseguibile di NVIDIA TextureTool;NVIDIA-textuurtool uitvoerbaar;NVIDIA teksturverktøy kjørbart;Narzędzie do tekstur NVIDIA gotowe do uruchomienia;Ferramenta de texturas NVIDIA executável;Instrument de texturi NVIDIA executabil;Извршна датотека NVIDIA алата за текстуре;NVIDIA Textur-verktyg körbart;Spustiteľný nástroj na textúry NVIDIA;Izvedljivo orodje za teksture NVIDIA;NVIDIA texturetool yürütülebilir dosyası
label_packageDir;Директория на пакета;Adresář balíčku;Paketverzeichnis;Package directory;Pakkemappe;Package directory;Directorio del paquete;Pakettikansio;Répertoire du paquet;Κατάλογος πακέτου;Direktorij paketa;Csomagkönyvtár;Eolaire an phacáiste;Directory del pacchetto;Pakketmap;Pakkemappe;Katalog pakietu;Diretório do pacote;Directorul pachetului;Директоријум пакета;Paketkatalog;Adresár balíka;Mapa paketa;Paket dizini
label_packageTextureDir;Директория на текстурите на пакета;Adresář textur balíčku;Paket-Texturverzeichnis;Package textures directory;Pakketeksturmappe;Package textures directory;Directorio de texturas del paquete;Paketin tekstuurikansio;Répertoire des textures du paquet;Κατάλογος υφών πακέτου;Direktorij tekstura paketa;Csomag-textúra könyvtár;Eolaire uigeachtaí an phacáiste;Directory texture pacchetto;Pakket-textuurmap;Pakketeksturmappe;Katalog tekstur pakietu;Diretório de texturas do pacote;Directorul de texturi al pachetului;Директоријум текстура пакета;Paket-texturkatalog;Adresár textúr balíka;Mapa tekstur paketa;Paket doku dizini
label_projectRootFolder;Коренна директория на проекта;Kořenový adresář projektu;Projekt-Stammverzeichnis;Project root directory;Projektets rodmappe;Project root directory;Directorio raíz del proyecto;Projektin juurikansio;Répertoire racine du projet;Ριζικός κατάλογος έργου;Korisnički direktorij projekta;Projekt gyökérkönyvtár;Eolaire fréimhe an tionscadail;Directory principale del progetto;Hoofdmap van het project;Prosjektrotmappe;Katalog główny projektu;Diretório raiz do projeto;Directorul rădăcină al proiectului;Коренски директоријум пројекта;Projektets rotkatalog;Koreňový adresár projektu;Korenjska mapa projekta;Proje kök dizini
label_sdkRoot;Коренна директория на MSFS SDK;Kořenový adresář MSFS SDK;MSFS SDK-Stammverzeichnis;MSFS SDK root directory;MSFS SDK-rodmappe;MSFS SDK root directory;Directorio raíz del SDK de MSFS;MSFS SDK:n juurikansio;Répertoire racine du SDK MSFS;Ριζικός κατάλογος MSFS SDK;Korisnički direktorij MSFS SDK-a;MSFS SDK gyökérkönyvtár;Eolaire fréimhe SDK MSFS;Directory principale MSFS SDK;Hoofdmap van de MSFS SDK;MSFS SDK-rotmappe;Katalog główny MSFS SDK;Diretório raiz do MSFS SDK;Directorul rădăcină al MSFS SDK;Коренски директоријум MSFS SDK;MSFS SDK-rotkatalog;Koreňový adresár MSFS SDK;Korenjska mapa MSFS SDK;MSFS SDK kök dizini
label_simType;Тип симулация;Typ simulace;Simulationstyp;Simulation type;Simulationstype;Simulation type;Tipo de simulación;Simulaatiotyyppi;Type de simulation;Τύπος προσομοίωσης;Vrsta simulacije;Szimulációtípus;Cineál insamhalta;Tipo di simulazione;Simulatietype;Simuleringstype;Typ symulacji;Tipo de simulação;Tipul de simulare;Тип симулације;Simuleringstyp;Typ simulácie;Vrsta simulacije;Simülasyon türü
label_textureFormat;Формат на текстурата;Formát textury;Texturformat;Texture format;Teksturformat;Texture format;Formato de textura;Tekstuuriformaatti;Format de texture;Μορφή υφής;Format teksture;Textúraformátum;Formáid uigeachta;Formato texture;Textuurformaat;Teksturformat;Format tekstury;Formato de textura;Formatul texturii;Формат текстуре;Texturformat;Formát textúry;Format teksture;Doku biçimi
label_textureTypes;Типове текстури;Typy textur;Texturtypen;Texture types;Teksturtyper;Texture types;Tipos de textura;Tekstuurityypit;Types de textures;Τύποι υφών;Vrste tekstura;Textúratípusok;Cineálacha uigeachta;Tipi di texture;Textuurtypes;Teksturtyper;Typy tekstur;Tipos de textura;Tipuri de texturi;Типови текстура;Texturtyper;Typy textúr;Vrste tekstur;Doku türleri
language_bg;Български;Bulharština;Bulgarisch;Bulgarian;Bulgarsk;Bulgarian;;bulgaria;;Βουλγαρικά;Bugarski;Bolgár;Bulgáiris;;Bulgaars;Bulgarsk;Bułgarski;Búlgaro;Bulgară;Бугарски;Bulgariska;Bulharčina;Bolgarščina;
language_cz;Чешки;Čeština;Tschechisch;Czech;Tjekkisk;Czech;;tšekki;;Τσεχικά;Češki;Cseh;Seicis;;Tsjechisch;Tsjekkisk;Czeski;Checo;Cehă;Чешки;Tjeckiska;Čeština;Češčina;
language_de;Немски;Němčina;Deutsch;German;Tysk;German;Alemán;saksa;Allemand;Γερμανικά;Njemački;Német;Gearmáinis;Tedesco;Duits;Tysk;Niemiecki;Alemão;Germană;Немачки;Tyska;Nemčina;Nemščina;Almanca
language_dk;Датски;Dánština;Dänisch;Danish;Dansk;Danish;;tanska;;Δανικά;Danski;Dán;Danmhairgis;;Deens;Dansk;Duński;Dinamarquês;Daneză;Дански;Danska;Dánčina;Danska;
language_en;Английски;Angličtina;Englisch;English;Engelsk;English;Inglés;englanti;Anglais;Αγγλικά;Engleski;Angol;Béarla;Inglese;Engels;Engelsk;Angielski;Inglês;Engleză;Енглески;Engelska;Angličtina;Angleščina;İngilizce
language_es;Испански;Španělština;Spanisch;Spanish;Spansk;Spanish;Español;espanja;;Ισπανικά;Španjolski;Spanyol;Spáinnis;Spagnolo;Spaans;Spansk;Hiszpański;Espanhol;Spaniolă;Шпански;Spanska;Španielčina;Španščina;İspanyolca
language_fi;Фински;Finština;Finnisch;Finnish;Finsk;Finnish;;suomi;;Φινλανδικά;Finski;Finn;Fionlainnis;;Fins;Finsk;Fiński;Finlandês;Finlandeză;Фински;Finska;Fínčina;Finska;
language_fr;Френски;Francouzština;Französisch;French;Fransk;French;Francés;ranska;;Γαλλικά;Francuski;Francia;Fraincis;Francese;Frans;Fransk;Francuski;Francês;Franceză;Француски;Franska;Francúzština;Francoščina;Fransızca
language_gr;Гръцки;Řečtina;Griechisch;Greek;Græsk;Greek;;kreikka;;Ελληνικά;Grčki;Görög;Gréigis;;Grieks;Gresk;Grecki;Grego;Greacă;Грчки;Grekiska;Gréčtina;Grščina;
language_hr;Хърватски;Chorvatština;Kroatisch;Croatian;Kroatisk;Croatian;;kroatia;;Κροατικά;Hrvatski;Horvát;Cróitis;;Kroatisch;Kroatisk;Chorwacki;Croata;Croată;Хрватски;Kroatiska;Chorvátčina;Hrvaščina;
language_hu;Унгарски;Maďarština;Ungarisch;Hungarian;Ungarsk;Hungarian;;unkari;;Ουγγρικά;Mađarski;Magyar;Ungáiris;;Hongaars;Ungarsk;Węgierski;Húngaro;Maghiară;Мађарски;Ungerska;Maďarčina;Madžarščina;
language_ir;Ирландски;Irština;Irisch;Irish;Irsk;Irish;;irlanti;;Ιρλανδικά;Irski;Ír;Gaeilge;;Iers;Irsk;Irlandzki;Irlandês;Irlandeză;Ирски;Iriska;Írčina;Irščina;
language_it;Италиански;Italština;Italienisch;Italian;Italiensk;Italian;Italiano;italia;;Ιταλικά;Talijanski;Olasz;Iodáilis;Italiano;Italiaans;Italiensk;Włoski;Italiano;Italiană;Италијански;Italienska;Taliančina;Italijanščina;İtalyanca
language_nl;Холандски;Nizozemština;Niederländisch;Dutch;Hollandsk;Dutch;;hollanti;;Ολλανδικά;Nizozemski;Holland;Ísiltíreach;;Nederlands;Nederlandsk;Holenderski;Neerlandês;Olandeză;Холандски;Nederländska;Holandčina;Nizozemščina;
language_no;Норвежки;Norština;Norwegisch;Norwegian;Norsk;Norwegian;;norja;;Νορβηγικά;Norveški;Norvég;Nua-Aeirgneach;;Noors;Norsk;Norweski;Norueguês;Norvegiană;Норвешки;Norska;Nórčina;Norveščina;
language_pl;Полски;Polština;Polnisch;Polish;Polsk;Polish;;puola;;Πολωνικά;Poljski;Lengyel;Polainnis;;Pools;Polsk;Polski;Polaco;Poloneză;Пољски;Polska;Poľština;Poljščina;
language_pt;Португалски;Portugalština;Portugiesisch;Portuguese;Portugisisk;Portuguese;;portugali;;Πορτογαλικά;Portugalski;Portugál;Portaingéilis;;Portugees;Portugisisk;Portugalski;Português;Portugheză;Португалски;Portugisiska;Portugalčina;Portugalščina;
language_ro;Румънски;Rumunština;Rumänisch;Romanian;Rumænsk;Romanian;;romania;;Ρουμανικά;Rumunjski;Román;Rómáinis;;Roemeens;Rumensk;Rumuński;Romeno;Română;Румунски;Rumänska;Rumunčina;Romunščina;
language_rs;Сръбски;Srbština;Serbisch;Serbian;Serbisk;Serbian;;serbia;;Σερβικά;Serbijski;Szerb;Seirbis;;Servisch;Serbisk;Serbski;Sérvio;Sârbă;Српски;Serbiska;Srbčina;Srbščina;
language_se;Шведски;Švédština;Schwedisch;Swedish;Svensk;Swedish;;ruotsi;;Σουηδικά;Švedski;Svéd;Sualannais;;Zweeds;Svensk;Szwedzki;Sueco;Suedeză;Шведски;Svenska;Švédčina;Švedščina;
language_sk;Словашки;Slovenština;Slowakisch;Slovak;Slovakisk;Slovak;;slovakia;;Σλοβακικά;Slovački;Szlovák;Slovacais;;Slowaaks;Slovakisk;Słowacki;Eslovaco;Slovacă;Словачки;Slovakiska;Slovenčina;Slovaščina;
language_sl;Словенски;Slovinština;Slowenisch;Slovenian;Slovensk;Slovenian;;slovenia;;Σλοβενικά;Slovenski;Szlovén;Slóivéinis;;Sloveens;Slovensk;Słoweński;Esloveno;Slovenă;Словеначки;Slovenska;Slovinčina;Sloveneščina;
language_tr;Турски;Turečtina;Türkisch;Turkish;Tyrkisk;Turkish;Turco;turkki;;Τουρκικά;Turski;Török;Tuircis;Turco;Turks;Tyrkisk;Turecki;Turco;Turcă;Турски;Turkiska;Turečtina;Turščina;Türkçe
menu_about;За;O aplikaci;Über;About;Om;About;Acerca de;Tietoja;À propos;Σχετικά;O programu;Rólunk;Maidir le;Informazioni;Over;Om;O programie;Sobre;Despre;О програму;Om;O programe;O;Hakkında
menu_help;Помощ;Nápověda;Hilfe;Help;Hjælp;Help;Ayuda;Ohje;Aide;Βοήθεια;Pomoć;Súgó;Cabhair;Aiuto;Help;Hjelp;Pomoc;Ajuda;Ajutor;Помоћ;Hjälp;Pomoc;Pomoč;Yardım
new_project_hint;Нов проект...;Nový projekt...;Neues Projekt...;New Project...;Nyt projekt...;New Project...;Nuevo proyecto...;Uusi projekti...;Nouveau projet...;Νέο έργο...;Novi projekt...;Új projekt...;Tionscadal nua...;Nuovo progetto...;Nieuw project...;Nytt prosjekt...;Nowy projekt...;Novo projeto...;Proiect nou...;Нови пројекат...;Nytt projekt...;Nový projekt...;Nov projekt...;Yeni proje...
ok;ОК;OK;Ok;OK;Ok;OK;Aceptar;Ok;OK;Εντάξει;OK;Ok;OK;Ok;Ok;Ok;OK;Ok;Ok;У реду;Ok;OK;Ok;Tamam
search;Търсене;Hledat;Suchen;Search;Søg;Search;Buscar;Hae;Rechercher;Αναζήτηση;Pretraži;Keresés;Cuardaigh;Cerca;Zoeken;Søk;Wyszukaj;Pesquisar;Căutare;Претрага;Sök;Hľadať;Iskanje;Ara
search_hint;Търсене...;Hledat...;Suchen...;Search...;Søg...;Search...;Buscar...;Hae...;Rechercher...;Αναζήτηση...;Pretraži...;Keresés...;Cuardaigh...;Cerca...;Zoeken...;Søk...;Wyszukaj...;Pesquisar...;Căutare...;Претрага...;Sök...;Hľadať...;Iskanje...;Ara...
show_details_hint;Показване на подробности...;Zobrazit podrobnosti...;Details anzeigen...;Show Details...;Vis detaljer...;Show Details...;Mostrar detalles...;Näytä tiedot...;Afficher les détails...;Εμφάνιση λεπτομερειών...;Prikaži detalje...;Részletek megjelenítése...;Taispeáin sonraí...;Mostra dettagli...;Details weergeven...;Vis detaljer...;Pokaż szczegóły...;Mostrar detalhes...;Afișează detalii...;Прикажи детаље...;Visa detaljer...;Zobraziť podrobnosti...;Pokaži podrobnosti...;Ayrıntıları göster...
stderr;Извеждане на грешки;Výpis chyb;Fehlerausgabe;Error Output;Fejlmeddelelse;Error Output;Salida de errores;Virheilmoitus;Message d'erreur;Εμφάνιση σφαλμάτων;Izlazna poruka o pogrešci;Hibajelentés;Aschur earráide;Output errori;Foutmelding;Feilmelding;Wynik błędu;Saída de erros;Afișare erori;Излаз грешака;Felmeddelande;Výpis chýb;Prikaz napak;Hata Çıktısı
stdout;Извеждане;Výstup;Ausgabe;Output;Udskrift;Output;Salida;Tulostus;Sortie;Εμφάνιση;Izlazna poruka;Kimenet;Aschur;Output;Uitvoer;Utdata;Wynik;Saída;Afișare;Излаз;Utmatning;Výstup;Izpis;Çıktı
tab_airplanes;Самолети;Letadla;Flugzeuge;Aircraft;Fly;Aircraft;Aviones;Lentokoneet;Avions;Αεροσκάφη;Zrakoplovi;Repülőgépek;Aerárthach;Aerei;Vliegtuigen;Fly;Samoloty;Aeronaves;Avioane;Авион;Flygplan;Lietadlá;Letala;Uçaklar
tab_projects;Проекти;Projekty;Projekte;Projects;Projekter;Projects;Proyectos;Projektit;Projets;Έργα;Projekti;Projektek;Tionscadail;Progetti;Projecten;Prosjekter;Projekty;Projetos;Proiecte;Пројекти;Projekt;Projekty;Projekti;Projeler
title_delete;Изтриване на елемент;Odstranit prvek;Element löschen;Delete Element;Slet element;Delete Element;Eliminar elemento;Poista elementti;Supprimer l'élément;Διαγραφή στοιχείου;Izbriši element;Elem törlése;Scrios eilimint;Elimina elemento;Element verwijderen;Slett element;Usuń element;Apagar elemento;Șterge element;Избриши елемент;Ta bort element;Odstrániť prvok;Izbriši element;Öğeyi sil
title_info;Информация;Info;Info;Info;Info;Info;Información;Info;Info;Πληροφορίες;Informacije;Info;Faisnéis;Info;Info;Info;Informacje;Informações;Info;Инфо;Info;Info;Info;Bilgi
tooltip_airplaneName;Името на самолета, за който искате да създадете боядисване.\nТрябва да е уникално във всичките ви проекти.\nАко работите върху няколко боядисвания за самолета, уверете се, че името е еднакво във всичките ви проекти.;Název letadla, pro které chcete vytvořit lakování.\nMěl by být jedinečný ve všech vašich projektech.\nPokud pracujete na více lakováních pro dané letadlo, ujistěte se, že název je ve všech vašich projektech konzistentní.;Der Name des Flugzeugs, für das Du eine Lackierung erstellen möchtest.\nSollte in allen Ihren Projekten eindeutig sein.\nWenn Du an mehreren Lackierungen für das Flugzeug arbeitest, stelle sicher, daß der Name in allen Ihren Projekten konsistent ist.;The name of the aircraft for which you want to create a paint scheme.\nMust be unique across all your projects.\nIf you are working on multiple paint schemes for the aircraft, make sure the name is consistent across all your projects.;Navnet på det fly, du vil oprette en bemaling til.\nSkal være entydigt i alle dine projekter.\nHvis du arbejder på flere bemalinger til flyet, skal du sikre dig, at navnet er konsistent i alle dine projekter.;The name of the aircraft for which you want to create a paint scheme.\nMust be unique across all your projects.\nIf you are working on multiple paint schemes for the aircraft, make sure the name is consistent across all your projects.;El nombre del avión para el que desea crear una librea.\nDebe ser único en todos sus proyectos.\nSi trabaja en varias libreas para el avión, asegúrese de que el nombre sea coherente en todos sus proyectos.;Sen lentokoneen nimi, jolle haluat luoda maalauksen.\nSen tulisi olla yksilöllinen kaikissa projekteissasi.\nJos työskentelet useiden maalauksien parissa samalle lentokoneelle, varmista, että nimi on yhdenmukainen kaikissa projekteissasi.;Le nom de l'avion pour lequel vous souhaitez créer une livrée.\nDoit être unique dans tous vos projets.\nSi vous travaillez sur plusieurs livrées pour cet avion, assurez-vous que le nom est cohérent dans tous vos projets.;Το όνομα του αεροσκάφους για το οποίο θέλετε να δημιουργήσετε μια βαφή.\nΠρέπει να είναι μοναδικό σε όλα τα έργα σας.\nΕάν εργάζεστε σε περισσότερες από μία βαφές για το αεροσκάφος, βεβαιωθείτε ότι το όνομα είναι συνεπές σε όλα τα έργα σας.;Naziv zrakoplova za koji želite stvoriti livery.\nMora biti jedinstven u svim vašim projektima.\nAko radite na više liveryja za zrakoplov, osigurajte da je naziv dosljedan u svim vašim projektima.;A repülőgép neve, amelyhez festést szeretnél készíteni.\nMinden projektben egyedi kell, hogy legyen.\nHa több festésen dolgozol a repülőgéphez, győződj meg róla, hogy a név minden projektben következetes.;Ainm an aerárthaigh ar mian leat liobairí a chruthú dó.\nBa chóir go mbeadh sé uathúil ar fud do chuid tionscadal go léir.\nMá tá tú ag obair ar liobairí iolracha don aerárthach, cinntigh go bhfuil an t-ainm comhsheasmhach ar fud do chuid tionscadal go léir.;Il nome dell'aereo per cui vuoi creare una livrea.\nDeve essere univoco in tutti i tuoi progetti.\nSe lavori su più livree per lo stesso aereo, assicurati che il nome sia coerente in tutti i tuoi progetti.;De naam van het vliegtuig waarvoor je een livery wilt maken.\nMoet uniek zijn in al je projecten.\nAls je aan meerdere liveries voor het vliegtuig werkt, zorg er dan voor dat de naam in al je projecten consistent is.;Navnet på flyet du ønsker å lage en lakkering for.\nBør være unikt i alle prosjektene dine.\nHvis du arbeider med flere lakkeringer for flyet, må du sørge for at navnet er konsistent i alle prosjektene dine.;Nazwa samolotu, dla którego chcesz stworzyć malowanie.\nPowinna być unikalna we wszystkich Twoich projektach.\nJeśli pracujesz nad kilkoma malowaniami dla tego samolotu, upewnij się, że nazwa jest spójna we wszystkich Twoich projektach.;O nome da aeronave para a qual pretende criar uma pintura.\nDeve ser único em todos os seus projetos.\nSe estiver a trabalhar em várias pinturas para a aeronave, certifique-se de que o nome é consistente em todos os seus projetos.;Numele avionului pentru care dorești să creezi o schemă de vopsire.\nTrebuie să fie unic în toate proiectele tale.\nDacă lucrezi la mai multe scheme de vopsire pentru același avion, asigură-te că numele este consistent în toate proiectele tale.;Име авиона за који желите да креирате ливери.\nТреба да буде јединствено у свим вашим пројектима.\nАко радите на више ливери за авион, уверите се да је име доследно у свим вашим пројектима.;Namnet på det flygplan som du vill skapa en lackering för.\nBör vara unikt i alla dina projekt.\nOm du arbetar med flera lackeringar för flygplanet, se till att namnet är konsekvent i alla dina projekt.;Názov lietadla, pre ktoré chceš vytvoriť lakovanie.\nMal by byť jedinečný vo všetkých tvojich projektoch.\nAk pracuješ na viacerých lakovaniach pre lietadlo, uisti sa, že názov je konzistentný vo všetkých tvojich projektoch.;Ime letala, za katerega želiš ustvariti barvno shemo.\nMora biti edinstveno v vseh tvojih projektih.\nČe delaš na več barvnih shemah za letalo, poskrbi, da je ime v vseh tvojih projektih enako.;Livery oluşturmak istediğiniz uçağın adı.\nTüm projelerinizde benzersiz olmalıdır.\nUçak için birden fazla livery üzerinde çalışıyorsanız, adın tüm projelerinizde tutarlı olduğundan emin olun.
tooltip_airplanes;Имената на всички самолети, върху които работите.;Názvy všech letadel, na kterých pracujete.;Die Namen aller Flugzeuge, an denen Du arbeitest.;The names of all aircraft you are working on.;Navnene på alle de fly, du arbejder på.;The names of all aircraft you are working on.;Los nombres de todos los aviones en los que trabaja.;Kaikkien lentokoneiden nimet, joiden parissa työskentelet.;Les noms de tous les avions sur lesquels vous travaillez.;Τα ονόματα όλων των αεροσκαφών στα οποία εργάζεστε.;Nazivi svih zrakoplova na kojima radite.;Az összes repülőgép neve, amelyeken dolgozol.;Ainmneacha na n-eitleán go léir atá tú ag obair orthu.;I nomi di tutti gli aerei su cui lavori.;De namen van alle vliegtuigen waaraan je werkt.;Navnene på alle flyene du jobber med.;Nazwy wszystkich samolotów, nad którymi pracujesz.;Os nomes de todas as aeronaves em que está a trabalhar.;Numele tuturor avioanelor la care lucrezi.;Имена свих авиона на којима радите.;Namnen på alla flygplan som du arbetar med.;Názvy všetkých lietadiel, na ktorých pracujete.;Imena vseh letal, na katerih delate.;Üzerinde çalıştığınız tüm uçakların adları.
tooltip_browseDirectories;Търсене в директории.;Prohledat adresáře.;Verzeichnisse durchsuchen.;Browse directories.;Gennemse mapper.;Browse directories.;Explorar directorios.;Selaa kansioita.;Parcourir les répertoires.;Αναζήτηση σε καταλόγους.;Pregledaj direktorije.;Könyvtárak átkutatása.;Brabhsáil eolai.;Sfoglia directory.;Mappen doorzoeken.;Søk i kataloger.;Przeszukaj katalogi.;Pesquisar diretórios.;Căutare în directoare.;Прегледај директоријуме.;Sök i kataloger.;Prehľadávať adresáre.;Iskanje po mapah.;Dizinlere göz at.
tooltip_browseFiles;Търсене във файлове.;Prohledat soubory.;Dateien durchsuchen.;Browse files.;Gennemse filer.;Browse files.;Explorar archivos.;Selaa tiedostoja.;Parcourir les fichiers.;Αναζήτηση σε αρχεία.;Pregledaj datoteke.;Fájlok átkutatása.;Brabhsáil comhaid.;Sfoglia file.;Bestanden doorzoeken.;Søk i filer.;Przeszukaj pliki.;Pesquisar ficheiros.;Căutare în fișiere.;Прегледај фајлове.;Sök i filer.;Prehľadávať súbory.;Iskanje po datotekah.;Dosyalara göz at.
tooltip_flagHQAlbd;Flag HQ Albedo;Flag HQ Albedo;Flag HQ Albedo;Flag HQ Albedo;Flag HQ Albedo;Flag HQ Albedo;Marcar albedo HQ;Flag HQ Albedo;Marquer l'albédo HQ;Flag HQ Albedo;Zastavi HQ Albedo;Flag HQ Albedo;Flag HQ Albedo;Contrassegna albedo HQ;Vlag HQ Albedo;Flag HQ Albedo;Flag HQ Albedo;Flag HQ Albedo;Flag HQ Albedo;Flag HQ Albedo;Flagga HQ Albedo;Flag HQ Albedo;Flag HQ Albedo;HQ albedo işaretle
tooltip_flagHQDecal;Flag HQ Decal;Flag HQ Decal;Flag HQ Decal;Flag HQ Decal;Flag HQ Decal;Flag HQ Decal;Marcar calcomanía HQ;Flag HQ Decal;Marquer le décalque HQ;Flag HQ Decal;Zastavi HQ Decal;Flag HQ Decal;Flag HQ Decal;Contrassegna decalcomania HQ;Vlag HQ Decal;Flag HQ Decal;Flag HQ Decal;Flag HQ Decal;Flag HQ Decal;Flag HQ Decal;Flagga HQ Decal;Flag HQ Decal;Flag HQ Decal;HQ Decal işaretle
tooltip_flagNoAlphaAlbd;Flag Force No Alpha Albedo;Flag Force No Alpha Albedo;Flag Force No Alpha Albedo;Flag Force No Alpha Albedo;Flag Force No Alpha Albedo;Flag Force No Alpha Albedo;Marcar forzar albedo sin alfa;Flag Force No Alpha Albedo;Marquer « forcer l'albédo sans alpha »;Flag Force No Alpha Albedo;Zastavi Force No Alpha Albedo;Flag Force No Alpha Albedo;Flag Force No Alpha Albedo;Contrassegna forza albedo senza alfa;Vlag Force No Alpha Albedo;Flag Force No Alpha Albedo;Flag Force No Alpha Albedo;Flag Force No Alpha Albedo;Flag Force No Alpha Albedo;Flag Force No Alpha Albedo;Flagga Force No Alpha Albedo;Flag Force No Alpha Albedo;Flag Force No Alpha Albedo;Alfa albedo yok zorla işaretle
tooltip_flagNoAlphaDecal;Flag Force No Alpha Decal;Flag Force No Alpha Decal;Flag Force No Alpha Decal;Flag Force No Alpha Decal;Flag Force No Alpha Decal;Flag Force No Alpha Decal;Marcar forzar calcomanía sin alfa;Flag Force No Alpha Decal;Marquer « forcer le décalque sans alpha »;Flag Force No Alpha Decal;Zastavi Force No Alpha Decal;Flag Force No Alpha Decal;Flag Force No Alpha Decal;Contrassegna forza decalcomania senza alfa;Vlag Force No Alpha Decal;Flag Force No Alpha Decal;Flag Force No Alpha Decal;Flag Force No Alpha Decal;Flag Force No Alpha Decal;Flag Force No Alpha Decal;Flagga Force No Alpha Decal;Flag Force No Alpha Decal;Flag Force No Alpha Decal;Alfa decal yok zorla işaretle
tooltip_imageToMSFSKTX2Path;Директория ImageToMSFSKTX2;Adresář ImageToMSFSKTX2;ImageToMSFSKTX2-Verzeichnis;ImageToMSFSKTX2 directory;ImageToMSFSKTX2-mappe;ImageToMSFSKTX2 directory;Directorio ImageToMSFSKTX2;ImageToMSFSKTX2-kansio;Répertoire ImageToMSFSKTX2;Κατάλογος ImageToMSFSKTX2;Direktorij ImageToMSFSKTX2;ImageToMSFSKTX2 könyvtár;Eolaire ImageToMSFSKTX2;Directory ImageToMSFSKTX2;ImageToMSFSKTX2-map;ImageToMSFSKTX2-katalog;Katalog ImageToMSFSKTX2;Diretório ImageToMSFSKTX2;Directorul ImageToMSFSKTX2;Directory ImageToMSFSKTX2;ImageToMSFSKTX2-katalog;Adresár ImageToMSFSKTX2;Mapa ImageToMSFSKTX2;ImageToMSFSKTX2 dizini
tooltip_layoutGeneratorToolPath;Изпълним файл на инструмента за генериране на оформление.\nТъй като този файл се съхранява на произволно място във вашата файлова система;Spustitelný soubor nástroje pro generování rozvržení.\nJelikož je tento soubor uložen kdekoli ve vašem souborovém systému;Ausführbare Datei des Layoutgenerator-Tools.\nDa diese Datei an einer beliebigen Stelle in Ihrem Dateisystem abgelegt wird;Executable file of the Layout Generator tool.\nSince this file is stored anywhere in your file system;Kørbar fil til Layoutgenerator-værktøjet.\nDa denne fil gemmes et vilkårligt sted i dit filsystem;Executable file of the Layout Generator tool.\nSince this file is stored anywhere in your file system;Ejecutable de la herramienta Layoutgenerator.\nYa que esto se coloca en cualquier lugar de tu sistema de archivos;Layoutgenerator-työkalun suoritustiedosto.\nKoska tämä tiedosto tallennetaan mihin tahansa kohtaan tiedostojärjestelmässäsi;Exécutable de l'outil Layoutgenerator.\nComme il est simplement placé n'importe où dans votre système de fichiers;Εκτελέσιμο αρχείο του εργαλείου δημιουργίας διάταξης.\nΔεδομένου ότι αυτό το αρχείο αποθηκεύεται σε οποιαδήποτε θέση στο σύστημα αρχείων σας;Izvršna datoteka alata Layout Generator.\nBudući da se ova datoteka pohranjuje bilo gdje u vašem sustavu datoteka;A Layoutgenerator eszköz futtatható fájlja.\nMivel ez a fájl a fájlrendszer bármely pontján elhelyezhető;Comhad inbhainte de chuid an uirlis Ghinireora Leagan Amach.\nÓs rud é go stóráiltear an comhad seo áit ar bith i do chóras comhad;Eseguibile dello strumento Layoutgenerator.\nPoiché questo viene semplicemente inserito in un punto qualsiasi del tuo filesystem;Uitvoerbaar bestand van de Layoutgenerator-tool.\nAangezien dit bestand op een willekeurige locatie in je bestandssysteem wordt opgeslagen;Kjørbar fil for Layoutgenerator-verktøyet.\nSiden denne filen lagres hvor som helst i filsystemet ditt;Plik wykonywalny narzędzia do generowania układów.\nPonieważ ten plik jest umieszczany w dowolnym miejscu w systemie plików;Ficheiro executável da ferramenta Layout Generator.\nUma vez que este ficheiro é guardado em qualquer local do seu sistema de ficheiros;Fișier executabil al instrumentului de generare a layout-ului.\nDeoarece acest fișier este stocat în orice loc din sistemul tău de fișiere;Извршна датотека алата Layout Generator.\nПошто се ова датотека чува било где у вашем систему датотека;Körbar fil för layoutgeneratorverktyget.\nEftersom denna fil kan placeras var som helst i ditt filsystem;Spustiteľný súbor nástroja Layoutgenerator.\nKeďže tento súbor je uložený kdekoľvek vo vašom súborovom systéme;Izvedljiva datoteka orodja za ustvarjanje postavitev.\nKer je ta datoteka shranjena kjerkoli v vašem datotečnem sistemu;Layoutgenerator aracı yürütülebilir dosyası.\nBu, dosya sisteminizin herhangi bir yerine atıldığından
tooltip_liveryName;Името на проекта за боядисване, върху който работите.\nТрябва да е уникално за всички боядисвания на един самолет.;Název projektu lakování, na kterém pracujete.\nMěl by být jedinečný pro všechna lakování daného letadla.;Der Name des Lackierungsprojekts, an dem Du arbeitest.\nSollte für alle Lackierungen eines Flugzeugs eindeutig sein.;The name of the livery project you are working on.\nShould be unique for all liveries of an aircraft.;Navnet på det lakeringprojekt, du arbejder på.\nSkal være entydigt for alle lakeringer af et fly.;The name of the livery project you are working on.\nShould be unique for all liveries of an aircraft.;El nombre del proyecto de librea en el que estás trabajando.\nDebe ser único en todas las libreas de un avión.;Sen maalausprojektin nimi, jonka parissa työskentelet.\nSen tulisi olla yksilöllinen kaikille lentokoneen maalauksille.;Le nom du projet de livrée sur lequel vous travaillez.\nDoit être unique pour toutes les livrées d'un avion.;Το όνομα του έργου βαφής στο οποίο εργάζεστε.\nΠρέπει να είναι μοναδικό για όλες τις βαφές ενός αεροσκάφους.;Naziv projekta liveryja na kojem radite.\nTrebao bi biti jedinstven za sve liveryje zrakoplova.;A festésprojekt neve, amelyen dolgozol.\nEgy repülőgép összes festésénél egyértelműnek kell lennie.;Ainm an tionscadail lonnú atá á úsáid agat.\nBa chóir go mbeadh sé uathúil do lonnuithe uile aerárthaigh.;Il nome del progetto di livrea su cui stai lavorando.\nDeve essere univoco in tutte le livree per un aereo.;De naam van het lakproject waaraan je werkt.\nMoet uniek zijn voor alle lakken van een vliegtuig.;Navnet på lakkeringsprosjektet du jobber med.\nBør være entydig for alle lakkeringer av et fly.;Nazwa projektu malowania, nad którym pracujesz.\nPowinna być unikalna dla wszystkich malowań samolotu.;O nome do projeto de pintura em que está a trabalhar.\nDeve ser único para todas as pinturas de uma aeronave.;Numele proiectului de vopsire la care lucrezi.\nAr trebui să fie unic pentru toate vopselele unui avion.;Назив пројекта ливерија на којем радите.\nТреба да буде јединствен за све ливерије авиона.;Namnet på det lackeringsprojekt du arbetar med.\nBör vara unikt för alla lackeringar av ett flygplan.;Názov projektu lakovania, na ktorom pracujete.\nMal by byť jedinečný pre všetky lakovania lietadla.;Ime projekta barvne sheme, na katerem delate.\nMora biti edinstveno za vse barvne sheme letala.;Üzerinde çalıştığınız livery projesinin adı.\nBir uçak için tüm livery'lerde benzersiz olmalıdır.
tooltip_locale;Език;Jazyk;Sprache;Language;Sprog;Language;Idioma;Kieli;Langue;Γλώσσα;Jezik;Nyelv;Teanga;Lingua;Taal;Språk;Język;Idioma;Limba;Језик;Språk;Jazyk;Jezik;Dil
tooltip_mainLibraryRootFolder;Коренната папка на вашата основна библиотека с добавки\nили мястото, където съхранявате окончателните си пакети за доставка.\nТова се използва като начална директория за Filechoose.;Kořenová složka vaší hlavní knihovny s doplňky\nnebo místo, kde ukládáte své finální balíčky pro distribuci.\nToto se používá jako výchozí adresář pro Filechoose.;Der Root Ordner Deines Hauptbibliothek mit Add-ons\noder der Ort, an dem Du deine endgültigen Pakete für die Auslieferung speicherst.\nDies wird als Startverzeichnis für Filechoose verwendet.;The root folder of your main add-on library\nor the location where you store your final packages for distribution.\nThis is used as the starting directory for Filechoose.;Rodmappen i dit hovedbibliotek med add-ons\neller det sted, hvor du gemmer dine endelige pakker til levering.\nDette bruges som startmappe for Filechoose.;The root folder of your main add-on library\nor the location where you store your final packages for distribution.\nThis is used as the starting directory for Filechoose.;El directorio raíz de tu biblioteca principal de complementos\no donde guardas tus paquetes finales para su entrega.\nSe utiliza como directorio de inicio para los selectores de archivos.;Pääkirjastosi juurikansio, jossa on lisäosat\ntai paikka, johon tallennat lopulliset pakettisi toimitusta varten.\nTätä käytetään Filechoose-työkalun aloituskansiona.;Le répertoire racine de votre bibliothèque principale d'extensions\nou l'emplacement où vous stockez vos paquets finaux pour la livraison.\nIl sert de répertoire de départ pour les sélecteurs de fichiers.;Ο ριζικός φάκελος της κύριας βιβλιοθήκης σας με πρόσθετα\nή η θέση στην οποία αποθηκεύετε τα τελικά πακέτα σας για παράδοση.\nΑυτό χρησιμοποιείται ως κατάλογος εκκίνησης για το Filechoose.;Korisnički direktorij vaše glavne biblioteke dodataka\nili lokacija na kojoj pohranjujete svoje konačne pakete za distribuciju.\nOvo se koristi kao početni direktorij za Filechoose.;A fő könyvtár gyökérmappája az add-onokkal\nvagy az a hely, ahol a végleges csomagokat tárolod a kiadáshoz.\nEz lesz a Filechoose indítókönyvtára.;Fólder fréimhe do phríomhleabharlann breiseán\nnó an suíomh ina stórálann tú do chuid pacáistí deiridh le dáileadh.\nÚsáidtear é seo mar an t-eolaire tosaigh do Filechoose.;La directory principale della tua libreria di add-on\no dove conservi i pacchetti finali per la distribuzione.\nViene utilizzata come directory di partenza per i selettori di file.;De hoofdmap van je hoofdbibliotheek met add-ons\nof de locatie waar je je definitieve pakketten opslaat voor levering.\nDit wordt gebruikt als startmap voor Filechoose.;Rotmappen til hovedbiblioteket ditt med tilleggsprogrammer\neller stedet der du lagrer de endelige pakkene dine for levering.\nDette brukes som startkatalog for Filechoose.;Katalog główny Twojej biblioteki dodatków\nlub miejsce, w którym przechowujesz ostateczne pakiety do dystrybucji.\nJest to używane jako katalog startowy dla Filechoose.;A pasta raiz da sua biblioteca principal de add-ons\nou o local onde guarda os seus pacotes finais para distribuição.\nIsto é utilizado como diretório inicial para o Filechoose.;Dosarul rădăcină al bibliotecii tale principale cu add-on-uri\nsau locul în care îți salvezi pachetele finale pentru livrare.\nAcesta este folosit ca director de pornire pentru Filechoose.;Коренска фасцикла ваше главне библиотеке додатака\nили локација где чувате ваше коначне пакете за дистрибуцију.\nОво се користи као почетна фасцикла за Filechoose.;Rotmappen för ditt huvudbibliotek med tillägg\neller den plats där du sparar dina slutgiltiga paket för leverans.\nDetta används som startkatalog för Filechoose.;Koreňový priečinok vašej hlavnej knižnice s doplnkami\nalebo miesto, kde ukladáte svoje finálne balíčky na distribúciu.\nToto sa používa ako počiatočný priečinok pre Filechoose.;Korenjska mapa vaše glavne knjižnice z dodatki\nali mesto, kjer shranjujete končne pakete za dostavo.\nTo se uporablja kot začetna mapa za Filechoose.;Eklentilerinizin ana kütüphanesinin kök dizini\nveya teslimat için son paketlerinizi sakladığınız yer.\nBu, dosya seçiciler için başlangıç dizini olarak kullanılır.
tooltip_modelTexturesDir;Директорията с текстури на вашия Blender проект (или на проекта, по който работите).\nТова е директорията, в която са съхранени текстурите на вашите модели под формата на PNG файлове.;Adresář textur vašeho projektu Blender (nebo projektu, na kterém pracujete).\nToto je adresář, ve kterém jsou uloženy textury vašich modelů ve formě souborů PNG.;Das Texturverzeichnis Deines Blender-Projekts (oder des Projekts, mit dem Du arbeitest).\nDies ist das Verzeichnis, in dem Ihre Modelltexturen in Form von PNG-Dateien gespeichert sind.;The texture directory of your Blender project (or the project you are working on).\nThis is the directory where your model textures are stored as PNG files.;Teksturkataloget for dit Blender-projekt (eller det projekt, du arbejder på).\nDette er det katalog, hvor dine modelteksturer er gemt som PNG-filer.;The texture directory of your Blender project (or the project you are working on).\nThis is the directory where your model textures are stored as PNG files.;El directorio de texturas de tu proyecto de Blender (o cualquier otro programa con el que trabajes).\nEste es el directorio donde se encuentran las texturas de tus modelos en forma de archivos PNG.;Blender-projektisi (tai sen projektin, jonka parissa työskentelet) tekstuurikansio.\nTämä on kansio, johon mallisi tekstuurit on tallennettu PNG-tiedostoina.;Le répertoire des textures de votre projet Blender (ou tout autre logiciel que vous utilisez).\nC'est le répertoire où se trouvent les textures de vos modèles sous forme de fichiers PNG.;Ο κατάλογος υφών του έργου σας στο Blender (ή του έργου στο οποίο εργάζεστε).\nΑυτός είναι ο κατάλογος στον οποίο αποθηκεύονται οι υφές των μοντέλων σας με τη μορφή αρχείων PNG.;Direktorij s teksturama vašeg Blender projekta (ili projekta na kojem radite).\nTo je direktorij u kojem su pohranjene teksture vašeg modela kao PNG datoteke.;A Blender-projekted (vagy az a projekt, amelyen dolgozol) textúra-könyvtára.\nEz az a könyvtár, amelyben a modell textúrái PNG-fájlok formájában vannak tárolva.;Eolaire uigeachtaí do thionscadail Blender (nó an tionscadal atá á oibriú agat).\nSeo an t-eolaire ina stóráiltear uigeachtaí do mhúnla mar chomhaid PNG.;La directory delle texture del tuo progetto Blender (o qualunque programma tu utilizzi).\nÈ la directory in cui risiedono le texture dei tuoi modelli sotto forma di file png.;De textuurmap van je Blender-project (of het project waaraan je werkt).\nDit is de map waarin je modeltexturen in de vorm van PNG-bestanden zijn opgeslagen.;Teksturkatalogen til Blender-prosjektet ditt (eller prosjektet du jobber med).\nDette er katalogen der modellteksturene dine er lagret som PNG-filer.;Katalog tekstur Twojego projektu w Blenderze (lub projektu, nad którym pracujesz).\nJest to katalog, w którym przechowywane są tekstury modeli w postaci plików PNG.;O diretório de texturas do seu projeto do Blender (ou do projeto em que está a trabalhar).\nEste é o diretório onde as texturas do seu modelo estão guardadas na forma de ficheiros PNG.;Directorul de texturi al proiectului dvs. Blender (sau al proiectului la care lucrați).\nAcesta este directorul în care sunt stocate texturile modelului dvs. sub formă de fișiere PNG.;Директоријум са текстурама вашег Blender пројекта (или пројекта на којем радите).\nОво је директоријум у којем су ваше текстуре модела сачуване као PNG фајлови.;Texturkatalogen för ditt Blender-projekt (eller det projekt du arbetar med).\nDetta är katalogen där dina modelltexturer sparas i form av PNG-filer.;Adresár textúr vášho projektu Blender (alebo projektu, na ktorom pracujete).\nToto je adresár, v ktorom sú uložené textúry vašich modelov vo forme súborov PNG.;Imenik tekstur vašega projekta Blender (ali projekta, na katerem delate).\nTo je imenik, v katerem so shranjene teksture vaših modelov v obliki datotek PNG.;Blender (veya çalıştığınız her neyse) projenizin doku dizini.\nBu, modellerinizin dokularının png dosyaları şeklinde bulunduğu dizindir.
tooltip_nvidiaTextureToolPath;Изпълним файл „NVIDIA Texturetool“.\nТова е задължително и необходимо, за да конвертирате текстури от всеки симулационен формат в PNG.\nСтандартният път е C:/Program Files/NVIDIA Corporation/NVIDIA Texture Tools/nvtt_export.exe.;Spustitelný soubor „NVIDIA Texturetool“.\nToto je povinné a nezbytné pro převod textur z jakéhokoli simulačního formátu do formátu PNG.\nVýchozí cesta je C:/Program Files/NVIDIA Corporation/NVIDIA Texture Tools/nvtt_export.exe.;Ausführbare Datei „NVIDIA Texturetool“.\nDies ist obligatorisch und erforderlich, um Texturen aus jedem Simulationsformat in PNG zu konvertieren.\nDer Standardpfad lautet C:/Program Files/NVIDIA Corporation/NVIDIA Texture Tools/nvtt_export.exe.;“NVIDIA Texturetool” executable file.\nThis is mandatory and required to convert textures from any simulation format to PNG.\nThe default path is C:/Program Files/NVIDIA Corporation/NVIDIA Texture Tools/nvtt_export.exe.;Den eksekverbare fil „NVIDIA Texturetool“.\nDette er obligatorisk og nødvendigt for at konvertere teksturer fra ethvert simuleringsformat til PNG.\nStandardstien er C:/Program Files/NVIDIA Corporation/NVIDIA Texture Tools/nvtt_export.exe.;“NVIDIA Texturetool” executable file.\nThis is mandatory and required to convert textures from any simulation format to PNG.\nThe default path is C:/Program Files/NVIDIA Corporation/NVIDIA Texture Tools/nvtt_export.exe.;Ejecutable de NVIDIA Texture Tool.\nEs obligatorio y necesario para convertir texturas de cualquier formato de simulación a PNG.\nEl valor predeterminado es C:/Archivos de programa/NVIDIA Corporation/NVIDIA Texture Tools/nvtt_export.exe;Suoritustiedosto „NVIDIA Texturetool“.\nTämä on pakollinen ja tarvitaan tekstuurien muuntamiseen PNG-muotoon mistä tahansa simulointimuodosta.\nOletuspolku on C:/Program Files/NVIDIA Corporation/NVIDIA Texture Tools/nvtt_export.exe.;Exécutable NVIDIA Texture Tool.\nCeci est obligatoire et nécessaire pour convertir les textures de n'importe quel format de simulation au format PNG.\nLa valeur par défaut est C:/Program Files/NVIDIA Corporation/NVIDIA Texture Tools/nvtt_export.exe;Εκτελέσιμο αρχείο «NVIDIA Texturetool».\nΑυτό είναι υποχρεωτικό και απαραίτητο για τη μετατροπή υφών από οποιαδήποτε μορφή προσομοίωσης σε PNG.\nΗ προεπιλεγμένη διαδρομή είναι C:/Program Files/NVIDIA Corporation/NVIDIA Texture Tools/nvtt_export.exe.;Izvršna datoteka "NVIDIA Texturetool".\nOvo je obavezno i potrebno za pretvaranje tekstura iz bilo kojeg simulacijskog formata u PNG.\nZadana putanja je C:/Program Files/NVIDIA Corporation/NVIDIA Texture Tools/nvtt_export.exe.;„NVIDIA Texturetool” futtatható fájl.\nEz kötelező és szükséges a textúrák bármely szimulációs formátumból PNG-be történő konvertálásához.\nAz alapértelmezett elérési út: C:/Program Files/NVIDIA Corporation/NVIDIA Texture Tools/nvtt_export.exe.;Comhad in-fhorghníomhaithe "NVIDIA Texturetool".\nTá sé seo éigeantach agus is gá é chun uigeachtaí a thiontú ó fhormáid insamhalta ar bith go PNG.\nIs é an cosán réamhshocraithe ná C:/Program Files/NVIDIA Corporation/NVIDIA Texture Tools/nvtt_export.exe.;Eseguibile NVIDIA Texture Tool.\nÈ obbligatorio e necessario per convertire le texture da qualsiasi formato di simulatore in PNG.\nIl valore predefinito è C:/Program Files/NVIDIA Corporation/NVIDIA Texture Tools/nvtt_export.exe;Uitvoerbaar bestand “NVIDIA Texturetool”.\nDit is verplicht en nodig om texturen van elk simulatieformaat naar PNG te converteren.\nHet standaardpad is C:/Program Files/NVIDIA Corporation/NVIDIA Texture Tools/nvtt_export.exe.;Kjørbar fil «NVIDIA Texturetool».\nDette er obligatorisk og nødvendig for å konvertere teksturer fra ethvert simuleringsformat til PNG.\nStandardbanen er C:/Program Files/NVIDIA Corporation/NVIDIA Texture Tools/nvtt_export.exe.;Plik wykonywalny „NVIDIA Texturetool”.\nJest to obowiązkowe i niezbędne do konwersji tekstur z dowolnego formatu symulacyjnego do formatu PNG.\nDomyślna ścieżka to C:/Program Files/NVIDIA Corporation/NVIDIA Texture Tools/nvtt_export.exe.;Ficheiro executável «NVIDIA Texturetool».\nIsto é obrigatório e necessário para converter texturas de qualquer formato de simulação para PNG.\nO caminho padrão é C:/Program Files/NVIDIA Corporation/NVIDIA Texture Tools/nvtt_export.exe.;Fișierul executabil „NVIDIA Texturetool”.\nAcesta este obligatoriu și necesar pentru a converti texturile din orice format de simulare în PNG.\nCalea implicită este C:/Program Files/NVIDIA Corporation/NVIDIA Texture Tools/nvtt_export.exe.;Извршна датотека "NVIDIA Texturetool".\nОво је обавезно и потребно је за конвертовање текстура из било ког формата симулације у PNG.\nЗакључана путања је C:/Program Files/NVIDIA Corporation/NVIDIA Texture Tools/nvtt_export.exe.;Körbar fil ”NVIDIA Texturetool”.\nDetta är obligatoriskt och krävs för att konvertera texturer från alla simuleringsformat till PNG.\nStandardvägen är C:/Program Files/NVIDIA Corporation/NVIDIA Texture Tools/nvtt_export.exe.;Spustiteľný súbor „NVIDIA Texturetool“.\nToto je povinné a nevyhnutné na konverziu textúr z akéhokoľvek simulačného formátu do formátu PNG.\nŠtandardná cesta je C:/Program Files/NVIDIA Corporation/NVIDIA Texture Tools/nvtt_export.exe.;Izvedljiva datoteka „NVIDIA Texturetool“.\nTo je obvezno in potrebno za pretvorbo tekstur iz katerega koli simulacijskega formata v PNG.\nPrivzeta pot je C:/Program Files/NVIDIA Corporation/NVIDIA Texture Tools/nvtt_export.exe.;NVIDIA texturetool yürütülebilir dosyası.\nBu zorunludur ve dokuları herhangi bir sim formatından png'ye dönüştürmek için gereklidir.\nVarsayılan değer C:/Program Files/NVIDIA Corporation/NVIDIA Texture Tools/nvtt_export.exe'dir.
tooltip_openInExplorer;Отворете в Explorer.;Otevřít v Průzkumníku.;Im Explorer öffnen.;Open in Explorer.;Åbn i Explorer.;Open in Explorer.;Abrir en el Explorador.;Avaa Explorerissa.;Ouvrir dans l'Explorateur.;Άνοιγμα στον Explorer.;Otvori u Upravitelju datoteka.;Megnyitás a Fájlkezelőben.;Oscail in Explorer.;Apri in Esplora risorse.;Openen in Verkenner.;Åpne i Utforsker.;Otwórz w Eksploratorze.;Abrir no Explorador.;Deschideți în Explorer.;Отвори у Прозорачу датотека.;Öppna i Utforskaren.;Otvoriť v Průzkumníku.;Odpri v Raziskovalcu.;Explorer'da aç.
tooltip_packageDir;Коренната папка на структурата на добавката във вашата основна библиотека.;Kořenová složka struktury doplňků ve vaší hlavní knihovně.;Der Root Ordner der Add-on-Struktur in Ihrer Hauptbibliothek.;The root folder of the add-on structure in your main library.;Rodmappen for add-on-strukturen i dit hovedbibliotek.;The root folder of the add-on structure in your main library.;El directorio raíz de la estructura de complementos dentro de tu biblioteca principal.;Lisäosarakenteen juurikansio pääkirjastossasi.;Le répertoire racine de la structure des extensions au sein de votre bibliothèque principale.;Ο ριζικός φάκελος της δομής του πρόσθετου στην κύρια βιβλιοθήκη σας.;Korisnički direktorij strukture dodatka u vašoj glavnoj biblioteci.;A kiegészítő struktúra gyökérmappája a fő könyvtárában.;Fólder fréimhe struchtúr an bhreiseáin i do phríomhleabharlann.;La directory principale della struttura dei componenti aggiuntivi all'interno della tua libreria principale.;De hoofdmap van de add-on-structuur in uw hoofdbibliotheek.;Rotmappen til tilleggsstrukturen i hovedbiblioteket ditt.;Katalog główny struktury dodatków w głównej bibliotece.;A pasta raiz da estrutura do add-on na sua biblioteca principal.;Directorul rădăcină al structurii add-on-ului din biblioteca principală.;Коренска фасцикла структуре додатка у вашој главној библиотеци.;Rotmappen för tilläggsstrukturen i ditt huvudbibliotek.;Koreňový priečinok štruktúry doplnkov vo vašej hlavnej knižnici.;Korenjska mapa strukture dodatkov v vaši glavni knjižnici.;Ana kütüphanenizdeki eklenti yapısının kök dizini.
tooltip_packageTextureDir;Директорията на папката с текстури във вашия пакет.;Adresář složky textur ve vašem balíčku.;Das Verzeichnis des Texturordners in Ihrem Paket.;The directory of the texture folder in your package.;Mappen for teksturmappen i din pakke.;The directory of the texture folder in your package.;El directorio de la carpeta de texturas dentro de tu paquete.;Pakettisi tekstuurikansion hakemisto.;Le répertoire du dossier de textures au sein de votre paquet.;Ο κατάλογος του φακέλου υφών στο πακέτο σας.;Direktorij mape s teksturama u vašem paketu.;A csomag textúra-mappájának könyvtára.;Eolaire an fhóldair uigeachta i do phacáiste.;La directory della cartella delle texture all'interno del tuo pacchetto.;De map van de texturenmap in uw pakket.;Katalogen til teksturmappen i pakken din.;Katalog tekstur w pakiecie.;O diretório da pasta de texturas no seu pacote.;Directorul folderului de texturi din pachetul dvs.;Фасцикла текстура у вашем пакету.;Katalogen för texturmappen i ditt paket.;Adresár priečinka textúr vo vašom balíku.;Mapa mape tekstur v vašem paketu.;Paketinizdeki doku klasörünün dizini.
tooltip_projectRootFolder;Коренната папка на вашите Blender проекти\nили където и да съхранявате вашите бои.\nТова се използва като начална директория за избор на файлове.;Kořenová složka vašich projektů Blenderu\nnebo kdekoli jinde, kde ukládáte své laky.\nToto se používá jako výchozí adresář pro výběr souborů.;Der Root Ordner Ihrer Blender-Projekte\noder wo auch immer Sie Ihre Lackierungen speichern.\nDies wird als Startverzeichnis für Dateiauswahlen verwendet.;The root folder of your Blender projects\nor wherever you save your liveries.\nThis is used as the starting directory for file selections.;Rodmappen for dine Blender-projekter\neller hvor du ellers gemmer dine lakeringer.\nDette bruges som startmappe for filvalg.;The root folder of your Blender projects\nor wherever you save your liveries.\nThis is used as the starting directory for file selections.;El directorio raíz de tus proyectos de Blender\no dondequiera que guardes tus libreas.\nSe utiliza como directorio de inicio para los selectores de archivos.;Blender-projektiesi juurikansio\ntai missä tahansa tallennat maalauksesi.\nTätä käytetään tiedostojen valinnan aloituskansiona.;Répertoire racine de vos projets Blender\nou l'emplacement où vous stockez vos livrées.\nIl sert de répertoire de départ pour les sélecteurs de fichiers.;Ο ριζικός φάκελος των έργων σας στο Blender\nή όπου αποθηκεύετε τα χρώματα σας.\nΑυτό χρησιμοποιείται ως αρχικός κατάλογος για την επιλογή αρχείων.;Korisnički direktorij vaših Blender projekata\nili bilo gdje gdje spremate svoje liverije.\nOvo se koristi kao početni direktorij za odabir datoteka.;A Blender-projektjeinek gyökérmappája\nvagy bárhol, ahol a festékeit tárolja.\nEz a fájlválasztás kiindulási könyvtáraként szolgál.;Fólder fréimhe do thionscadal Blender\nnó cibé áit a sábhálann tú do lúbhairí.\nÚsáidtear é seo mar an t-eolaire tosaigh le haghaidh roghnuithe comhad.;La directory principale dei tuoi progetti Blender\no ovunque tu salvi le tue livree.\nViene utilizzata come directory di partenza per i selettori di file.;De hoofdmap van uw Blender-projecten\nof waar u uw liveries ook opslaat.\nDit wordt gebruikt als startmap voor bestandsselecties.;Rotmappen til Blender-prosjektene dine\neller hvor du enn lagrer lakkeringene dine.\nDette brukes som startkatalog for filvalg.;Katalog główny projektów Blender\nlub miejsce, w którym przechowujesz swoje malowania.\nJest to katalog startowy dla wyboru plików.;A pasta raiz dos seus projetos do Blender\nou onde quer que guarde as suas pinturas.\nIsto é utilizado como diretório inicial para a seleção de ficheiros.;Directorul rădăcină al proiectelor dvs. Blender\nsau oriunde salvați vopselele.\nAcesta este utilizat ca director de pornire pentru selectarea fișierelor.;Коренска фасцикла ваших Blender пројеката\nили било које друго место где чувате своје ливерије.\nОво се користи као почетна фасцикла за избор датотека.;Rotmappen för dina Blender-projekt\neller var du än sparar dina lackeringar.\nDetta används som startkatalog för filval.;Koreňový priečinok vašich projektov Blender\nalebo kdekoľvek ukladáte svoje lakovania.\nPoužíva sa ako počiatočný adresár pre výber súborov.;Korenjska mapa vaših projektov Blender\nali kjerkoli shranjujete svoje barvne sheme.\nTo se uporablja kot začetna mapa za izbiro datotek.;Blender projelerinizin kök dizini\nveya livery'lerinizi sakladığınız yer.\nBu, dosya seçiciler için başlangıç dizini olarak kullanılır.
tooltip_readonly;Полето не може да се редактира.;Pole nelze upravovat.;Das Feld ist nicht editierbar.;The field is not editable.;Feltet kan ikke redigeres.;The field is not editable.;El campo no es editable.;Kenttää ei voi muokata.;Ce champ n'est pas modifiable.;Το πεδίο δεν είναι επεξεργάσιμο.;Ovo polje nije uređivano.;A mező nem szerkeszthető.;Ní féidir an réimse a chur in eagar.;Il campo non è modificabile.;Het veld is niet bewerkbaar.;Feltet kan ikke redigeres.;Pole nie jest edytowalne.;O campo não é editável.;Câmpul nu este editabil.;Поље није уређивано.;Fältet är inte redigerbart.;Toto pole nie je editovateľné.;Polje ni urejljivo.;Alan düzenlenemez.
tooltip_sdkRoot;Коренна папка на MSFS SDK.\nАко преди това сте използвали ImageToMSFSKTX2, това също ще бъде импортирано, когато кликнете върху бутона „Импортирай“.\nSDK е задължително, ако работите по проекти, които използват формат KTX2, тъй като изображенията, конвертирани с инструмента на NVIDIA, не работят в симулатора.\nПо подразбиране е C:/MSFS 2024 SDK;Kořenová složka MSFS SDK.\nPokud jste dříve používali ImageToMSFSKTX2, bude toto také importováno, když kliknete na tlačítko „Importovat“.\nSDK je povinné, pokud pracujete na projektech, které používají formát KTX2, protože obrázky převedené nástrojem NVIDIA v simulátoru nefungují.\nVýchozí hodnota je C:/MSFS 2024 SDK;MSFS SDK Root Ordner.\nWenn Du zuvor ImageToMSFSKTX2 verwendet hast, wird dies ebenfalls importiert, wenn Du auf die Schaltfläche „Importieren” klickst.\nDas SDK ist obligatorisch, wenn Du an Projekten arbeitest, die das KTX2 Format verwenden, da mit dem NVIDIA-Tool konvertierte Bilder im Sim nicht funktionieren.\nStandard ist C:/MSFS 2024 SDK;MSFS SDK root folder.\nIf you previously used ImageToMSFSKTX2, this will also be imported when you click the “Import” button.\nThe SDK is mandatory if you are working on projects that use the KTX2 format, as images converted with the NVIDIA tool do not work in the sim.\nDefault is C:/MSFS 2024 SDK;MSFS SDK-rodmappe.\nHvis du tidligere har brugt ImageToMSFSKTX2, importeres dette også, når du klikker på knappen »Importer«.\nSDK'en er obligatorisk, hvis du arbejder på projekter, der bruger KTX2-formatet, da billeder konverteret med NVIDIA-værktøjet ikke fungerer i simulatoren.\nStandard er C:/MSFS 2024 SDK;MSFS SDK root folder.\nIf you previously used ImageToMSFSKTX2, this will also be imported when you click the “Import” button.\nThe SDK is mandatory if you are working on projects that use the KTX2 format, as images converted with the NVIDIA tool do not work in the sim.\nDefault is C:/MSFS 2024 SDK;Directorio raíz del SDK de MSFS.\nSi has utilizado ImageToMSFSKTX anteriormente, esto también se importará al hacer clic en el botón de importación.\nEl SDK es obligatorio si trabajas en proyectos que utilizan KTX2, ya que las imágenes convertidas\ncon la herramienta de NVIDIA no funcionarán en el simulador.\nEl valor predeterminado es C:/MSFS 2024 SDK;MSFS SDK:n juurikansio.\nJos olet aiemmin käyttänyt ImageToMSFSKTX2-työkalua, se tuodaan myös, kun napsautat ”Tuo”-painiketta.\nSDK on pakollinen, jos työskentelet projekteissa, jotka käyttävät KTX2-muotoa, koska NVIDIA-työkalulla muunnettuja kuvia ei voi käyttää simulaattorissa.\nOletusarvo on C:/MSFS 2024 SDK;Répertoire racine du SDK MSFS.\nSi vous avez utilisé ImageToMSFSKTX auparavant, celui-ci est également importé lorsque vous cliquez sur le bouton Importer.\nLe SDK est obligatoire si vous travaillez sur des projets utilisant KTX2, car les images converties\navec l'outil NVIDIA ne fonctionneront pas dans le simulateur.\nLa valeur par défaut est C:/MSFS 2024 SDK;Ριζικός φάκελος MSFS SDK.\nΕάν έχετε χρησιμοποιήσει προηγουμένως το ImageToMSFSKTX2, αυτό θα εισαχθεί επίσης όταν κάνετε κλικ στο κουμπί «Εισαγωγή».\nΤο SDK είναι υποχρεωτικό εάν εργάζεστε σε έργα που χρησιμοποιούν τη μορφή KTX2, καθώς οι εικόνες που έχουν μετατραπεί με το εργαλείο της NVIDIA δεν λειτουργούν στον προσομοιωτή.\nΗ προεπιλογή είναι C:/MSFS 2024 SDK;Korisnički direktorij MSFS SDK-a.\nAko ste prethodno koristili ImageToMSFSKTX2, on će se također uvesti kada kliknete gumb 'Uvezi'.\nSDK je obavezan ako radite na projektima koji koriste KTX2 format, jer slike pretvorene pomoću NVIDIA alata ne rade u simulatoru.\nZadano je C:/MSFS 2024 SDK;MSFS SDK gyökérmappa.\nHa korábban használtad az ImageToMSFSKTX2-t, az is importálásra kerül, ha rákattintasz az „Importálás” gombra.\nAz SDK kötelező, ha olyan projekten dolgozol, amely a KTX2 formátumot használja, mivel az NVIDIA eszközzel konvertált képek nem működnek a szimulátorban.\nAz alapértelmezett érték C:/MSFS 2024 SDK;Fólder fréimhe SDK MSFS.\nMá tá ImageToMSFSKTX2 in úsáid agat cheana, iompórtálfar é seo freisin nuair a chliceálann tú ar an gcnaipe 'Iompórtáil'.\nTá an SDK éigeantach má tá tú ag obair ar thionscadail a úsáideann an fhormáid KTX2, mar ní oibríonn íomhánna a tiontaíodh le huirlis NVIDIA sa tsamhail.\nIs é an réamhshocrú ná C:/MSFS 2024 SDK;Directory principale dell'SDK di MSFS.\nSe hai utilizzato ImageToMSFSKTX in precedenza, anche questo viene importato quando clicchi sul pulsante di importazione.\nL'SDK è obbligatorio se lavori su progetti che utilizzano KTX2, poiché le immagini convertite\ncon lo strumento NVIDIA non funzioneranno nel simulatore.\nIl valore predefinito è C:/MSFS 2024 SDK;MSFS SDK-hoofdmap.\nAls je eerder ImageToMSFSKTX2 hebt gebruikt, wordt dit ook geïmporteerd wanneer je op de knop “Importeren” klikt.\nDe SDK is verplicht als je aan projecten werkt die het KTX2-formaat gebruiken, omdat afbeeldingen die met de NVIDIA-tool zijn geconverteerd niet werken in de sim.\nStandaard is C:/MSFS 2024 SDK;MSFS SDK-rotmappe.\nHvis du tidligere har brukt ImageToMSFSKTX2, importeres dette også når du klikker på «Importer»-knappen.\nSDK er obligatorisk hvis du jobber med prosjekter som bruker KTX2-formatet, siden bilder konvertert med NVIDIA-verktøyet ikke fungerer i simen.\nStandard er C:/MSFS 2024 SDK;Katalog główny MSFS SDK.\nJeśli wcześniej korzystałeś z ImageToMSFSKTX2, zostanie on również zaimportowany po kliknięciu przycisku „Importuj”.\nSDK jest obowiązkowe, jeśli pracujesz nad projektami wykorzystującymi format KTX2, ponieważ obrazy przekonwertowane za pomocą narzędzia NVIDIA nie działają w symulatorze.\nDomyślnie jest to C:/MSFS 2024 SDK;Pasta raiz do MSFS SDK.\nSe já utilizou o ImageToMSFSKTX2 anteriormente, este também será importado quando clicar no botão «Importar».\nO SDK é obrigatório se estiver a trabalhar em projetos que utilizem o formato KTX2, uma vez que as imagens convertidas com a ferramenta NVIDIA não funcionam no simulador.\nO padrão é C:/MSFS 2024 SDK;Dosarul rădăcină al SDK-ului MSFS.\nDacă ați folosit anterior ImageToMSFSKTX2, acesta va fi importat, de asemenea, atunci când faceți clic pe butonul „Import”.\nSDK-ul este obligatoriu dacă lucrați la proiecte care utilizează formatul KTX2, deoarece imaginile convertite cu instrumentul NVIDIA nu funcționează în simulator.\nImplicit este C:/MSFS 2024 SDK;Коренска фасцикла MSFS SDK-а.\nАко сте раније користили ImageToMSFSKTX2, она ће такође бити увезена када кликнете на дугме "Увези".\nSDK је обавезан ако радите на пројектима који користе KTX2 формат, јер слике конвертоване помоћу NVIDIA алата не функционишу у симу.\nПодразумјевана вредност је C:/MSFS 2024 SDK;MSFS SDK-rotmapp.\nOm du tidigare har använt ImageToMSFSKTX2 importeras även detta när du klickar på knappen ”Importera”.\nSDK är obligatoriskt om du arbetar med projekt som använder KTX2-formatet, eftersom bilder som konverterats med NVIDIA-verktyget inte fungerar i simulatorn.\nStandard är C:/MSFS 2024 SDK;Koreňový priečinok MSFS SDK.\nAk ste predtým používali ImageToMSFSKTX2, toto sa tiež importuje, keď kliknete na tlačidlo „Importovať”.\nSDK je povinné, ak pracujete na projektoch, ktoré používajú formát KTX2, pretože obrázky konvertované nástrojom NVIDIA v simulátore nefungujú.\nŠtandardom je C:/MSFS 2024 SDK;Koren mape MSFS SDK.\nČe ste prej uporabljali ImageToMSFSKTX2, se bo to prav tako uvozilo, ko kliknete gumb »Uvozi«.\nSDK je obvezen, če delate na projektih, ki uporabljajo format KTX2, saj slike, pretvorjene z orodjem NVIDIA, v simulaciji ne delujejo.\nPrivzeto je C:/MSFS 2024 SDK;MSFS SDK kök dizini.\nDaha önce ImageToMSFSKTX kullandıysanız, bu da içe aktarma düğmesine tıkladığınızda içe aktarılır.\nGörüntüler nvidia aracıyla dönüştürüldüğü için simülasyonda çalışmayacağından, KTX2 kullanan projelerde çalışıyorsanız sdk zorunludur.\nVarsayılan değer C:/MSFS 2024 SDK'dır
tooltip_simType;Магазинът, който използвате.\nИли Microsoft, или Steam.\nПо подразбиране е Microsoft.;Obchod, který používáš.\nBuď Microsoft, nebo Steam.\nVýchozí nastavení je Microsoft.;Der von Dir verwendete Store.\nEntweder Microsoft oder Steam.\nDer Standard ist Microsoft.;The store you are using.\nEither Microsoft or Steam.\nThe default is Microsoft.;Den butik, du bruger.\nEnten Microsoft eller Steam.\nStandard er Microsoft.;The store you are using.\nEither Microsoft or Steam.\nThe default is Microsoft.;La tienda que estás utilizando.\nMicrosoft o Steam.\nEl valor predeterminado es Microsoft.;Käyttämäsi kauppa.\nJoko Microsoft tai Steam.\nOletusarvo on Microsoft.;La boutique que vous utilisez.\nMicrosoft ou Steam.\nLa valeur par défaut est Microsoft.;Το κατάστημα που χρησιμοποιείτε.\nΕίτε το Microsoft είτε το Steam.\nΗ προεπιλογή είναι το Microsoft.;Trgovina koju koristite.\nIli Microsoft ili Steam.\nZadano je Microsoft.;Az általad használt áruház.\nVagy a Microsoft, vagy a Steam.\nAz alapértelmezett a Microsoft.;An siopa atá á úsáid agat.\nMicrosoft nó Steam.\nIs é Microsoft an réamhshocrú.;Lo store che stai utilizzando.\nMicrosoft o Steam.\nIl valore predefinito è Microsoft.;De store die je gebruikt.\nOfwel Microsoft of Steam.\nDe standaard is Microsoft.;Butikken du bruker.\nEnten Microsoft eller Steam.\nStandard er Microsoft.;Sklep, z którego korzystasz.\nAlbo Microsoft, albo Steam.\nDomyślnie jest to Microsoft.;A loja que utiliza.\nMicrosoft ou Steam.\nO padrão é Microsoft.;Magazinul pe care îl folosești.\nFie Microsoft, fie Steam.\nImplicit este Microsoft.;Продавница коју користите.\nИ Microsoft или Steam.\nПодразумјевано је Microsoft.;Den butik du använder.\nAntingen Microsoft eller Steam.\nStandard är Microsoft.;Obchod, ktorý používaš.\nBuď Microsoft, alebo Steam.\nPredvolené je Microsoft.;Trgovina, ki jo uporabljate.\nMicrosoft ali Steam.\nPrivzeto je Microsoft.;Kullandığınız mağaza.\nMicrosoft veya Steam'den biri.\nVarsayılan değer Microsoft'tur.
tooltip_textureFormat;Форматът на текстурите, с който работи вашият проект в MSFS2024.\nDDS или KTX2.\nТази стойност се изчислява автоматично от директорията с текстури на пакета.;Formát textur, se kterým tvůj projekt v MSFS2024 pracuje.\nDDS nebo KTX2.\nTato hodnota se automaticky vypočítá z adresáře textur balíčku.;Das Texturformat, mit dem Dein Projekt in MSFS2024 arbeitet.\nDDS oder KTX2.\nDieser Wert wird automatisch aus dem Texturverzeichnis des Pakets berechnet.;The texture format your project uses in MSFS 2024.\nDDS or KTX2.\nThis value is automatically calculated from the package’s texture directory.;Det teksturformat, som dit projekt arbejder med i MSFS2024.\nDDS eller KTX2.\nDenne værdi beregnes automatisk ud fra pakkens teksturmappe.;The texture format your project uses in MSFS 2024.\nDDS or KTX2.\nThis value is automatically calculated from the package’s texture directory.;El formato de textura con el que funciona tu proyecto en MSFS 2024.\nDDS o KTX2.\nEste valor se calcula automáticamente a partir del directorio de texturas del paquete.;Tekstuuriformaatti, jota projektisi käyttää MSFS2024:ssä.\nDDS tai KTX2.\nTämä arvo lasketaan automaattisesti paketin tekstuurihakemistosta.;Le format de texture utilisé par votre projet dans MSFS 2024.\nDDS ou KTX2.\nCette valeur est calculée automatiquement à partir du répertoire de textures du package.;Η μορφή υφής με την οποία λειτουργεί το έργο σας στο MSFS2024.\nDDS ή KTX2.\nΑυτή η τιμή υπολογίζεται αυτόματα από τον κατάλογο υφών του πακέτου.;Format teksture koji vaš projekt koristi u MSFS2024.\nDDS ili KTX2.\nOva se vrijednost automatski izračunava iz direktorija s teksturama paketa.;A textúraformátum, amellyel a projekted az MSFS2024-ben működik.\nDDS vagy KTX2.\nEzt az értéket a csomag textúra-könyvtárából számítja ki automatikusan.;An fhormáid uigeachta a úsáideann do thionscadal in MSFS2024.\nDDS nó KTX2.\nRíomhtar an luach seo go huathoibríoch ó eolaire uigeachta an phacáiste.;Il formato di texture con cui il tuo progetto funziona in MSFS2024.\nDDS o KTX2.\nQuesto valore viene calcolato automaticamente dalla directory delle texture del pacchetto.;Het textuurformaat waarmee je project in MSFS2024 werkt.\nDDS of KTX2.\nDeze waarde wordt automatisch berekend op basis van de textuurmap van het pakket.;Teksturformatet prosjektet ditt bruker i MSFS2024.\nDDS eller KTX2.\nDenne verdien beregnes automatisk fra pakkens teksturkatalog.;Format tekstur, z którym pracuje Twój projekt w MSFS2024.\nDDS lub KTX2.\nTa wartość jest automatycznie obliczana na podstawie katalogu tekstur pakietu.;O formato de textura com que o seu projeto trabalha no MSFS2024.\nDDS ou KTX2.\nEste valor é calculado automaticamente a partir do diretório de texturas do pacote.;Formatul de textură cu care proiectul tău funcționează în MSFS2024.\nDDS sau KTX2.\nAceastă valoare este calculată automat din directorul de texturi al pachetului.;Формат текстуре који ваш пројекат користи у MSFS2024.\nDDS или KTX2.\nОва вредност се аутоматски израчунава из директоријума за текстуре пакета.;Det texturformat som ditt projekt arbetar med i MSFS2024.\nDDS eller KTX2.\nDetta värde beräknas automatiskt från paketets texturkatalog.;Formát textúr, s ktorým tvoj projekt pracuje v MSFS2024.\nDDS alebo KTX2.\nTáto hodnota sa automaticky vypočíta z adresára textúr balíka.;Format tekstur, s katerim deluje vaš projekt v MSFS2024.\nDDS ali KTX2.\nTa vrednost se samodejno izračuna iz imenika tekstur paketa.;Projenizin MSFS2024'te çalıştığı doku biçimi.\nDDS veya KTX2.\nBu değer, paket doku dizininden otomatik olarak hesaplanır.
tooltip_textureTypes;Типовете текстури, които искате да включите в конвертирането.\nMSFS пакетите могат да съдържат много текстури и обикновено ние работим само с\n Albedo (ALBD) и композиционни файлове (COMP).\nВ повечето случаи трябва да изберете ALBD и COMP.\nАко проектът ви не използва метални цветове, можете спокойно да изберете само ALBD.;Typy textur, které chceš zahrnout do konverzí.\nBalíčky MSFS mohou obsahovat mnoho textur a obvykle pracujeme pouze s\n albedovými (ALBD) a kompozičními soubory (COMP).\nVe většině případů byste tedy měli vybrat ALBD a COMP.\nPokud váš projekt nepoužívá metalické barvy, můžete bez obav vybrat pouze ALBD.;Die Texturtypen, die Du in die Konvertierungen einbeziehen möchtest.\nMSFS-Pakete können viele Texturen enthalten, und normalerweise arbeiten wir nur mit\n Albedo- (ALBD) und Kompositionsdateien (COMP).\nIn den meisten Fällen sollten Du also ALBD und COMP auswählen.\nWenn dein Projekt keine Metallic-Farben verwendet, können Du getrost nur ALBD auswählen.;The texture types you want to include in the conversions.\nMSFS packages can contain many textures, and we usually only work with\n albedo (ALBD) and composition (COMP) files.\nIn most cases, you should therefore select ALBD and COMP.\nIf your project does not use metallic colors, you can safely select only ALBD.;De teksturtyper, du ønsker at inkludere i konverteringerne.\nMSFS-pakker kan indeholde mange teksturer, og normalt arbejder vi kun med\n albedo- (ALBD) og kompositionsfiler (COMP).\nI de fleste tilfælde bør du derfor vælge ALBD og COMP.\nHvis dit projekt ikke bruger metalliske farver, kan du roligt nøjes med at vælge ALBD.;The texture types you want to include in the conversions.\nMSFS packages can contain many textures, and we usually only work with\n albedo (ALBD) and composition (COMP) files.\nIn most cases, you should therefore select ALBD and COMP.\nIf your project does not use metallic colors, you can safely select only ALBD.;Los tipos de textura que deseas incluir en las conversiones.\nLos paquetes de MSFS pueden contener muchas texturas y, normalmente, solo trabajamos con\n archivos de albedo (ALBD) y composición (COMP).\nPor lo tanto, en la mayoría de los casos querrás seleccionar ALBD y COMP.\nSi tu proyecto no utiliza colores metálicos, puedes elegir solo ALBD sin problema.;Tekstuurityypit, jotka haluat sisällyttää muunnoksiin.\nMSFS-paketit voivat sisältää monia tekstuureja, ja yleensä käytämme vain\n albedo- (ALBD) ja kompositio- (COMP) tiedostoja.\nUseimmissa tapauksissa sinun tulisi siis valita ALBD ja COMP.\nJos projektissasi ei käytetä metallivärejä, voit huoletta valita vain ALBD:n.;Les types de textures que vous souhaitez inclure dans les conversions.\nLes paquets MSFS peuvent contenir de nombreuses textures et, en général, nous ne travaillons que sur\n les fichiers albedo (ALBD) et composition (COMP).\nVous devrez donc la plupart du temps sélectionner ALBD et COMP.\nSi votre projet n'utilise pas de couleurs métalliques, vous pouvez choisir ALBD uniquement en toute sécurité.;Οι τύποι υφών που θέλετε να συμπεριλάβετε στις μετατροπές.\nΤα πακέτα MSFS μπορούν να περιέχουν πολλές υφές και συνήθως λειτουργούμε μόνο με\n αρχεία Albedo (ALBD) και σύνθεσης (COMP).\nΣτις περισσότερες περιπτώσεις, λοιπόν, θα πρέπει να επιλέξετε ALBD και COMP.\nΕάν το έργο σας δεν χρησιμοποιεί μεταλλικά χρώματα, μπορείτε να επιλέξετε με ασφάλεια μόνο ALBD.;Vrste tekstura koje želite uključiti u konverzije.\nMSFS paketi mogu sadržavati mnogo tekstura, a obično radimo samo s\ndatotekama albedo (ALBD) i kompozicije (COMP).\nStoga biste u većini slučajeva trebali odabrati ALBD i COMP.\nAko vaš projekt ne koristi metalik boje, možete sigurno odabrati samo ALBD.;A textúratípusok, amelyeket be akarsz vonni a konvertálásba.\nAz MSFS-csomagok sok textúrát tartalmazhatnak, és általában csak\n albedo (ALBD) és kompozíciós fájlokkal (COMP) dolgozunk.\nA legtöbb esetben tehát az ALBD-t és a COMP-ot kell kiválasztanod.\nHa a projekted nem használ fémes színeket, nyugodtan csak az ALBD-t választhatod.;Na cineálacha uigeachta ar mian leat a chur san áireamh sna tiontuithe.\nIs féidir le pacáistí MSFS go leor uigeachtaí a bheith iontu, agus de ghnáth ní oibrímid ach le comhaid\nalbeide (ALBD) agus comhdhéanta (COMP).\nI bhformhór na gcásanna, ba cheart duit ALBD agus COMP a roghnú dá bhrí sin.\nMura n-úsáideann do thionscadal dathanna miotalacha, is féidir leat ALBD amháin a roghnú go sábháilte.;I tipi di texture che si desidera includere nelle conversioni.\nI pacchetti MSFS possono contenere molte texture e normalmente lavoriamo solo su\n file albedo (ALBD) e composizione (COMP).\nQuindi nella maggior parte dei casi si desidera selezionare ALBD e COMP.\nSe il progetto non utilizza colori metallici, è possibile scegliere tranquillamente solo ALBD.;De textuurtypes die je in de conversies wilt opnemen.\nMSFS-pakketten kunnen veel texturen bevatten, en normaal gesproken werken we alleen met\n albedo- (ALBD) en compositiebestanden (COMP).\nIn de meeste gevallen moet je dus ALBD en COMP selecteren.\nAls je project geen metallic kleuren gebruikt, kun je gerust alleen ALBD selecteren.;Teksturtypene du ønsker å inkludere i konverteringene.\nMSFS-pakker kan inneholde mange teksturer, og vanligvis jobber vi bare med\n albedo- (ALBD) og komposisjonsfiler (COMP).\nI de fleste tilfeller bør du derfor velge ALBD og COMP.\nHvis prosjektet ditt ikke bruker metalliske farger, kan du trygt velge bare ALBD.;Typy tekstur, które chcesz uwzględnić w konwersjach.\nPakiety MSFS mogą zawierać wiele tekstur, a zazwyczaj pracujemy tylko z\n plikami albedo (ALBD) i kompozycji (COMP).\nW większości przypadków należy więc wybrać ALBD i COMP.\nJeśli Twój projekt nie wykorzystuje kolorów metalicznych, możesz śmiało wybrać tylko ALBD.;Os tipos de textura que pretende incluir nas conversões.\nOs pacotes MSFS podem conter muitas texturas e, normalmente, trabalhamos apenas com\n ficheiros de albedo (ALBD) e de composição (COMP).\nNa maioria dos casos, deve selecionar ALBD e COMP.\nSe o seu projeto não utilizar cores metálicas, pode selecionar apenas ALBD.;Tipurile de texturi pe care dorești să le incluzi în conversii.\nPachetele MSFS pot conține multe texturi, iar de obicei lucrăm doar cu\n fișiere Albedo (ALBD) și de compoziție (COMP).\nÎn majoritatea cazurilor, ar trebui să selectezi ALBD și COMP.\nDacă proiectul tău nu folosește culori metalice, poți selecta cu încredere doar ALBD.;Типови текстура које желите да укључите у конверзије.\nMSFS пакети могу да садрже много текстура, и обично радимо само са\nалбедо (ALBD) и композиционим (COMP) фајловима.\nУ већини случајева, стога бисте требали да изаберете ALBD и COMP.\nАко ваш пројекат не користи металне боје, безбедно можете да изаберете само ALBD.;De texturtyper som du vill inkludera i konverteringarna.\nMSFS-paket kan innehålla många texturer, och normalt arbetar vi bara med\n albedo- (ALBD) och kompositionsfiler (COMP).\nI de flesta fall bör du alltså välja ALBD och COMP.\nOm ditt projekt inte använder metalliska färger kan du tryggt välja endast ALBD.;Typy textúr, ktoré chceš zahrnúť do konverzií.\nBalíčky MSFS môžu obsahovať veľa textúr a zvyčajne pracujeme len s\n súbormi albedo (ALBD) a kompozícií (COMP).\nVo väčšine prípadov by si teda mal vybrať ALBD a COMP.\nAk tvoj projekt nepoužíva metalické farby, môžeš bez obáv vybrať len ALBD.;Vrste tekstur, ki jih želite vključiti v pretvorbe.\nPaketi MSFS lahko vsebujejo veliko tekstur, običajno pa delamo samo z\n datotekami albedo (ALBD) in kompozicijskimi datotekami (COMP).\nV večini primerov bi torej morali izbrati ALBD in COMP.\nČe vaš projekt ne uporablja kovinskih barv, lahko brez skrbi izberete samo ALBD.;Dönüştürmelere dahil etmek istediğiniz doku türleri.\nMSFS paketleri çok sayıda doku içerebilir ve normalde sadece\n albedo (ALBD) ve kompozisyon (COMP) dosyaları üzerinde çalışırız.\nBu nedenle çoğu zaman ALBD ve COMP'yi seçmek istersiniz.\nProjeniz metalik renkler kullanmıyorsa, güvenle sadece ALBD'yi seçebilirsiniz.
true;True;True;True;True;True;True;Verdadero;Totta;Vrai;True;Istina;True;Fíor;Vero;True;True;True;Verdadeiro;Adevărat;Истина;True;True;True;Doğru
warning_delete;Наистина ли искате да изтриете този запис?;Opravdu chcete tento záznam smazat?;Möchtest Du diesen Eintrag wirklich löschen?;Do you really want to delete this entry?;Vil du virkelig slette denne post?;Do you really want to delete this entry?;¿De verdad quieres eliminar este elemento?;Haluatko todella poistaa tämän merkinnän?;Voulez-vous vraiment supprimer cet élément ?;Θέλετε πραγματικά να διαγράψετε αυτήν την καταχώριση;Jeste li sigurni da želite izbrisati ovaj unos?;Tényleg törölni szeretnéd ezt a bejegyzést?;An bhfuil tú cinnte gur mian leat an iontráil seo a scriosadh?;Si desidera davvero eliminare questo elemento?;Wil je dit item echt verwijderen?;Vil du virkelig slette denne oppføringen?;Czy na pewno chcesz usunąć ten wpis?;Deseja mesmo eliminar esta entrada?;Vrei cu adevărat să ștergi această intrare?;Да ли сте сигурни да желите да избришете овај унос?;Vill du verkligen ta bort denna post?;Naozaj chceš tento záznam vymazať?;Ali res želite izbrisati ta vnos?;Bu öğeyi gerçekten silmek istiyor musunuz?
warning_no_results;Няма проекти.;Žádné projekty.;Keine Projekte.;No projects.;Ingen projekter.;No projects.;No hay proyectos.;Ei projekteja.;Aucun projet.;Δεν υπάρχουν έργα.;Nema projekata.;Nincsenek projektek.;Gan tionscadail.;Nessun progetto.;Geen projecten.;Ingen prosjekter.;Brak projektów.;Sem projetos.;Nu există proiecte.;Нема пројеката.;Inga projekt.;Žiadne projekty.;Ni projektov.;Proje yok.
